family,description,spec_json,complexity,positive_development_folds,robust_score,train_trades,train_wins,train_losses,train_win_rate,train_net_pnl,train_average_pnl,train_ci_lower,train_ci_upper,validation_trades,validation_wins,validation_losses,validation_win_rate,validation_net_pnl,validation_average_pnl,validation_ci_lower,validation_ci_upper,full_trades,full_wins,full_losses,full_win_rate,full_net_pnl,full_average_pnl,full_ci_lower,full_ci_upper
three_bins_2_5,last 5 digits have bin pattern 22001 for bins 0-2/3-5/6-9,"{""boundaries"":[2,5],""kind"":""categorical_suffix"",""pattern"":[2,2,0,0,1]}",5,5,2.0581165737058087,208,143,65,0.6875,5.8500000000000085,0.028125000000000042,0.621590247652843,0.7466096336839845,110,79,31,0.7181818181818181,4.950000000000006,0.04500000000000006,0.6278504468827403,0.79378856316897,419,286,133,0.6825775656324582,10.65000000000002,0.025417661097852075,0.6365214840255716,0.725316261087496
binary_le_2,"last 7 digits match LLHHHLH, where L <= 2","{""kind"":""binary_suffix"",""pattern"":[1,1,0,0,0,1,0],""threshold"":2}",7,5,1.2316963546722257,294,196,98,0.6666666666666666,4.900000000000013,0.01666666666666671,0.6109375059162319,0.7180966063528653,158,105,53,0.6645569620253164,2.45000000000001,0.015506329113924114,0.5878053528461551,0.733496743532075,611,403,208,0.6595744680851063,7.800000000000026,0.012765957446808553,0.6211092240874865,0.6960457061835181
binary_le_1,"last 7 digits match LLHHHHL, where L <= 1","{""kind"":""binary_suffix"",""pattern"":[1,1,0,0,0,0,1],""threshold"":1}",7,4,1.0572210286372719,155,103,52,0.6645161290322581,2.4000000000000092,0.015483870967741994,0.5870028931379894,0.7340719721940561,94,63,31,0.6702127659574468,1.7500000000000053,0.018617021276595803,0.570134654466759,0.7569250642425024,330,209,121,0.6333333333333333,-0.549999999999983,-0.001666666666666615,0.5800835506076417,0.6835146265356732
binary_le_1,"last 8 digits match LHHLHHHH, where L <= 1","{""kind"":""binary_suffix"",""pattern"":[1,0,0,1,0,0,0,0],""threshold"":1}",8,5,1.0456524432610284,519,343,176,0.6608863198458574,7.000000000000028,0.013487475915221635,0.6191082382905772,0.7003002500429233,268,175,93,0.6529850746268657,2.450000000000017,0.009141791044776183,0.5941950171925162,0.7074513922835565,1075,690,385,0.641860465116279,3.250000000000057,0.003023255813953541,0.6127410206760667,0.6699696570665205
three_bins_3_6,last 5 digits have bin pattern 12001 for bins 0-3/4-6/7-9,"{""boundaries"":[3,6],""kind"":""categorical_suffix"",""pattern"":[1,2,0,0,1]}",5,5,0.9953558734673567,221,144,77,0.6515837104072398,1.850000000000012,0.008371040723981956,0.5866606766332827,0.7113270714956377,110,75,35,0.6818181818181818,2.7500000000000053,0.02500000000000005,0.589903417135744,0.7614624245740145,437,284,153,0.6498855835240275,3.2500000000000213,0.007437070938215152,0.6040326346399829,0.6931263493413362
three_bins_3_6,last 6 digits have bin pattern 200000 for bins 0-3/4-6/7-9,"{""boundaries"":[3,6],""kind"":""categorical_suffix"",""pattern"":[2,0,0,0,0,0]}",6,4,0.9917830648521623,150,99,51,0.66,1.95000000000001,0.013000000000000067,0.5810428721065096,0.730966649695706,77,53,24,0.6883116883116883,2.2000000000000046,0.028571428571428633,0.5779996467585954,0.7807271800830852,304,193,111,0.6348684210526315,-0.24999999999997868,-0.0008223684210525615,0.579375362182432,0.686995516886725
binary_le_4,"last 8 digits match LLHLHHLH, where L <= 4","{""kind"":""binary_suffix"",""pattern"":[1,1,0,1,0,0,1,0],""threshold"":4}",8,4,0.9170860145311585,203,133,70,0.6551724137931034,2.1000000000000085,0.010344827586206938,0.5874513757799511,0.717129728797411,85,57,28,0.6705882352941176,1.600000000000005,0.018823529411764763,0.5652019122526615,0.7612222638578385,386,249,137,0.6450777202072538,1.8500000000000227,0.004792746113989696,0.596128476155521,0.6911678015128679
binary_le_3,"last 8 digits match LLLHHHHH, where L <= 3","{""kind"":""binary_suffix"",""pattern"":[1,1,1,0,0,0,0,0],""threshold"":3}",8,3,0.8762090102803535,228,151,77,0.6622807017543859,3.2500000000000107,0.014254385964912327,0.5986557043842923,0.7205279324700268,102,68,34,0.6666666666666666,1.7000000000000064,0.01666666666666673,0.5706063272058552,0.750628852078657,456,291,165,0.6381578947368421,0.45000000000002416,0.0009868421052632108,0.5930680406283207,0.6809394408265673
binary_le_4,"last 8 digits match HLLLHLLH, where L <= 4","{""kind"":""binary_suffix"",""pattern"":[0,1,1,1,0,1,1,0],""threshold"":4}",8,4,0.8652762628886891,202,132,70,0.6534653465346535,1.9000000000000092,0.009405940594059452,0.585530362604048,0.715672322001911,101,67,34,0.6633663366336634,1.5000000000000053,0.014851485148514905,0.5667267191475079,0.7480342577713511,411,273,138,0.6642335766423357,6.3000000000000185,0.015328467153284717,0.6172423282835997,0.7081831978530024
binary_le_4,"last 7 digits match HHHHLLH, where L <= 4","{""kind"":""binary_suffix"",""pattern"":[0,0,0,0,1,1,0],""threshold"":4}",7,4,0.8504573110502023,364,236,128,0.6483516483516484,2.40000000000002,0.006593406593406648,0.5979825582687763,0.6956221929364028,186,125,61,0.6720430107526881,3.6500000000000092,0.019623655913978546,0.6016890093194713,0.7354344009069966,755,489,266,0.6476821192052981,4.700000000000031,0.0062251655629139485,0.6129386629340713,0.6809303625492774
three_bins_2_5,last 5 digits have bin pattern 21021 for bins 0-2/3-5/6-9,"{""boundaries"":[2,5],""kind"":""categorical_suffix"",""pattern"":[2,1,0,2,1]}",5,3,0.8417112005113799,192,127,65,0.6614583333333334,2.6500000000000092,0.013802083333333381,0.5919401674170741,0.7246424416655366,118,78,40,0.6610169491525424,1.600000000000005,0.013559322033898348,0.5717356110091416,0.740145093373445,414,266,148,0.642512077294686,1.40000000000002,0.0033816425120773426,0.5952302289727351,0.687173533289249
binary_le_3,"last 8 digits match HHLLHHLL, where L <= 3","{""kind"":""binary_suffix"",""pattern"":[0,0,1,1,0,0,1,1],""threshold"":3}",8,3,0.8275696513930048,188,124,64,0.6595744680851063,2.4000000000000092,0.01276595744680856,0.5892497852065646,0.7235084703281756,87,58,29,0.6666666666666666,1.4500000000000046,0.01666666666666672,0.5624236002445082,0.756813897440785,363,228,135,0.628099173553719,-1.6499999999999844,-0.004545454545454503,0.5772815657811424,0.6762339455216758
binary_le_4,"last 8 digits match LHHHHLLH, where L <= 4","{""kind"":""binary_suffix"",""pattern"":[1,0,0,0,0,1,1,0],""threshold"":4}",8,4,0.8156465897564403,175,115,60,0.6571428571428571,2.000000000000007,0.011428571428571468,0.5841190855293741,0.7234158695234296,91,60,31,0.6593406593406593,1.150000000000004,0.012637362637362681,0.5572871428187045,0.7484863064786853,367,237,130,0.6457765667574932,1.9000000000000128,0.005177111716621288,0.5955649721680049,0.6929680315049628
three_bins_3_6,last 5 digits have bin pattern 10202 for bins 0-3/4-6/7-9,"{""boundaries"":[3,6],""kind"":""categorical_suffix"",""pattern"":[1,0,2,0,2]}",5,3,0.7961012519999549,215,142,73,0.6604651162790698,2.850000000000012,0.013255813953488429,0.5948443214890506,0.7204524251686957,140,92,48,0.6571428571428571,1.6000000000000085,0.01142857142857149,0.5752629486648756,0.7306293883618803,449,289,160,0.643652561247216,1.8000000000000185,0.004008908685968861,0.5983070731114958,0.6865608370307125
binary_le_4,"last 7 digits match HHHHLHL, where L <= 4","{""kind"":""binary_suffix"",""pattern"":[0,0,0,0,1,0,1],""threshold"":4}",7,4,0.7928554470186797,396,256,140,0.6464646464646465,2.200000000000017,0.005555555555555598,0.5981773730873118,0.6919376148434905,206,135,71,0.6553398058252428,2.150000000000013,0.010436893203883557,0.5881302242317948,0.7168619368010108,786,500,286,0.6361323155216285,-0.0999999999999659,-0.0001272264631042823,0.6019112921567485,0.669029157486806
three_bins_2_5,last 5 digits have bin pattern 12121 for bins 0-2/3-5/6-9,"{""boundaries"":[2,5],""kind"":""categorical_suffix"",""pattern"":[1,2,1,2,1]}",5,4,0.7853194146278365,180,117,63,0.65,1.350000000000012,0.007500000000000067,0.5778472012021526,0.7158841494213636,113,77,36,0.6814159292035398,2.800000000000006,0.024778761061946958,0.5907584366292358,0.7601444056822328,378,242,136,0.6402116402116402,0.8000000000000185,0.002116402116402165,0.5906419734292884,0.6869601505710176
three_bins_3_6,last 5 digits have bin pattern 12010 for bins 0-3/4-6/7-9,"{""boundaries"":[3,6],""kind"":""categorical_suffix"",""pattern"":[1,2,0,1,0]}",5,3,0.7647059727833374,219,143,76,0.6529680365296804,2.0000000000000107,0.009132420091324249,0.587775377877362,0.7128868074923296,97,64,33,0.6597938144329897,1.2500000000000053,0.012886597938144385,0.5610358669448852,0.7463773771963067,420,268,152,0.638095238095238,0.4000000000000199,0.0009523809523809998,0.591077011650925,0.6826102305616726
binary_le_3,"last 7 digits match HHHHLLH, where L <= 3","{""kind"":""binary_suffix"",""pattern"":[0,0,0,0,1,1,0],""threshold"":3}",7,3,0.7544103076141433,623,412,211,0.6613162118780096,8.55000000000004,0.013723916532905361,0.6232659003425642,0.6973893421778501,303,197,106,0.6501650165016502,2.3000000000000185,0.007590759075907652,0.5948896471468365,0.7016804459225513,1235,792,443,0.6412955465587045,3.3500000000000796,0.002712550607287514,0.61414604124634,0.6675687798997234
binary_le_1,"last 7 digits match LLHHHLH, where L <= 1","{""kind"":""binary_suffix"",""pattern"":[1,1,0,0,0,1,0],""threshold"":1}",7,4,0.7218957620088902,157,102,55,0.6496815286624203,1.1500000000000057,0.007324840764331247,0.5722922575954212,0.7199209587270914,93,64,29,0.6881720430107527,2.6500000000000057,0.02849462365591404,0.5881441485195871,0.7732713074867492,332,219,113,0.6596385542168675,4.250000000000014,0.012801204819277151,0.6071034612584848,0.7085216565343527
binary_le_4,"last 8 digits match LHHHHLHL, where L <= 4","{""kind"":""binary_suffix"",""pattern"":[1,0,0,0,0,1,0,1],""threshold"":4}",8,4,0.7183566001729845,188,122,66,0.648936170212766,1.3000000000000114,0.006914893617021337,0.5783465126208184,0.7135611925449391,103,72,31,0.6990291262135923,3.550000000000006,0.034466019417475784,0.6046054631486113,0.7791407010516356,380,248,132,0.6526315789473685,3.40000000000002,0.008947368421052685,0.6034472868519453,0.6987608184329707
parity,last digits have parity OEEOOOEE,"{""kind"":""parity_suffix"",""pattern"":[1,0,0,1,1,1,0,0]}",8,3,0.7061472225410238,190,124,66,0.6526315789473685,1.70000000000001,0.008947368421052685,0.5825109369173925,0.7167026593527984,94,63,31,0.6702127659574468,1.7500000000000053,0.018617021276595803,0.570134654466759,0.7569250642425024,377,238,139,0.6312997347480106,-1.049999999999983,-0.002785145888594119,0.5815031511248696,0.6784475388723838
three_bins_3_6,last 5 digits have bin pattern 10010 for bins 0-3/4-6/7-9,"{""boundaries"":[3,6],""kind"":""categorical_suffix"",""pattern"":[1,0,0,1,0]}",5,4,0.7031882897728158,252,173,79,0.6865079365079365,6.95000000000001,0.02757936507936512,0.6267927435070484,0.7406222971720298,145,94,51,0.6482758620689655,0.95000000000001,0.006551724137931103,0.5676409292502562,0.721257072292453,536,350,186,0.6529850746268657,4.900000000000034,0.009141791044776183,0.6117265970215736,0.6920662986894465
three_bins_3_6,last 5 digits have bin pattern 12012 for bins 0-3/4-6/7-9,"{""boundaries"":[3,6],""kind"":""categorical_suffix"",""pattern"":[1,2,0,1,2]}",5,3,0.6909347260438821,158,103,55,0.6518987341772152,1.3500000000000085,0.008544303797468409,0.5748132155819379,0.7217733349210438,84,57,27,0.6785714285714286,1.9500000000000046,0.02321428571428577,0.5727856143388975,0.7687387683701526,321,209,112,0.6510903426791277,2.6000000000000156,0.008099688473520298,0.5974418269272214,0.7011653778062791
binary_le_4,"last 8 digits match HLHLHHHL, where L <= 4","{""kind"":""binary_suffix"",""pattern"":[0,1,0,1,0,0,0,1],""threshold"":4}",8,4,0.6883793359329619,207,134,73,0.6473429951690821,1.2500000000000107,0.00603864734299522,0.580109461583598,0.7092074514238964,107,71,36,0.6635514018691588,1.600000000000005,0.014953271028037429,0.5697390194208205,0.7460273045917383,393,263,130,0.6692111959287532,7.100000000000016,0.01806615776081429,0.6212532458762902,0.7138931886601622
binary_le_3,"last 7 digits match LLLHHLL, where L <= 3","{""kind"":""binary_suffix"",""pattern"":[1,1,1,0,0,1,1],""threshold"":3}",7,3,0.6723919355648439,188,124,64,0.6595744680851063,2.4000000000000092,0.01276595744680856,0.5892497852065646,0.7235084703281756,82,54,28,0.6585365853658537,1.0000000000000053,0.012195121951219577,0.5508773979511824,0.7520065506348835,367,249,118,0.6784741144414169,8.500000000000021,0.02316076294277935,0.6290527572468944,0.7241979294929072
three_bins_2_5,last 5 digits have bin pattern 11012 for bins 0-2/3-5/6-9,"{""boundaries"":[2,5],""kind"":""categorical_suffix"",""pattern"":[1,1,0,1,2]}",5,4,0.6375935218518345,169,109,60,0.6449704142011834,0.8000000000000078,0.004733727810650934,0.5703367926104272,0.7131600045951125,79,58,21,0.7341772151898734,4.2500000000000036,0.053797468354430424,0.6275696449007995,0.8190666230587558,318,212,106,0.6666666666666666,5.3000000000000185,0.016666666666666725,0.6131373349374954,0.7162173740189265
binary_le_4,"last 8 digits match HHLLHHLH, where L <= 4","{""kind"":""binary_suffix"",""pattern"":[0,0,1,1,0,0,1,0],""threshold"":4}",8,4,0.6211822646334045,189,122,67,0.6455026455026455,0.95000000000001,0.005026455026455079,0.5750265165839736,0.71018186306814,84,57,27,0.6785714285714286,1.9500000000000046,0.02321428571428577,0.5727856143388975,0.7687387683701526,347,227,120,0.654178674351585,3.400000000000013,0.009798270893371794,0.6026920143838014,0.702289045607415
binary_le_8,"last 7 digits match LHLLLHL, where L <= 8","{""kind"":""binary_suffix"",""pattern"":[1,0,1,1,1,0,1],""threshold"":8}",7,3,0.6044181209608579,305,202,103,0.6622950819672131,4.350000000000016,0.014262295081967264,0.6074935879613377,0.7130592302322747,129,84,45,0.6511627906976745,1.050000000000006,0.008139534883720977,0.5656266293876464,0.7279564157416696,571,361,210,0.6322241681260946,-1.299999999999983,-0.002276707530647956,0.5919120598821416,0.670769063204877
three_bins_2_5,last 5 digits have bin pattern 12002 for bins 0-2/3-5/6-9,"{""boundaries"":[2,5],""kind"":""categorical_suffix"",""pattern"":[1,2,0,0,2]}",5,4,0.6032062417930266,205,141,64,0.6878048780487804,5.800000000000011,0.028292682926829325,0.6214083740284543,0.7472923640089589,110,71,39,0.6454545454545455,0.550000000000006,0.005000000000000055,0.5525341042264349,0.7285585691413721,423,277,146,0.6548463356973995,4.300000000000026,0.0101654846335698,0.6083297611905794,0.6985757590977624
window_count_at_least,even count in last 30 is >= 22,"{""count"":22,""kind"":""window_count_at_least"",""property"":""even"",""window"":30}",2,3,0.5705539117297085,158,102,56,0.6455696202531646,0.8000000000000078,0.005063291139240556,0.5683380621365879,0.7158907154287695,99,70,29,0.7070707070707071,3.8500000000000068,0.03888888888888896,0.6110382270180279,0.787633675054892,318,209,109,0.6572327044025157,3.650000000000013,0.011477987421383689,0.6034675549027075,0.7072444346788227
three_bins_4_7,last 5 digits have bin pattern 02010 for bins 0-4/5-7/8-9,"{""boundaries"":[4,7],""kind"":""categorical_suffix"",""pattern"":[0,2,0,1,0]}",5,3,0.5686543144655921,348,224,124,0.6436781609195402,1.4000000000000128,0.004022988505747163,0.5920433936455839,0.6921755279538803,206,134,72,0.6504854368932039,1.6000000000000085,0.007766990291262177,0.5831578010555558,0.7123033549449747,745,479,266,0.6429530201342282,2.7000000000000313,0.0036241610738255454,0.6078951604146553,0.6765442192311258
parity,last digits have parity OOOEOOE,"{""kind"":""parity_suffix"",""pattern"":[1,1,1,0,1,1,0]}",7,4,0.5537883449690335,362,232,130,0.6408839779005525,0.9000000000000128,0.0024861878453039028,0.5902227513798629,0.6885865457643193,186,121,65,0.6505376344086021,1.4500000000000064,0.007795698924731217,0.5795982510373078,0.7153847329108517,743,457,286,0.6150740242261103,-8.69999999999996,-0.011709286675639247,0.5795802627805577,0.6493839946001438
binary_le_3,"last 7 digits match HHHHLHL, where L <= 3","{""kind"":""binary_suffix"",""pattern"":[0,0,0,0,1,0,1],""threshold"":3}",7,4,0.5529348865139692,636,414,222,0.6509433962264151,5.100000000000037,0.00801886792452836,0.6130916175727672,0.6869827170192415,326,209,117,0.6411042944785276,0.8500000000000156,0.002607361963190232,0.5876689412192685,0.6912529393985719,1239,787,452,0.6351896690879741,-0.7999999999999261,-0.0006456820016141454,0.608006126407204,0.6615375049404938
three_bins_3_6,last 5 digits have bin pattern 02020 for bins 0-3/4-6/7-9,"{""boundaries"":[3,6],""kind"":""categorical_suffix"",""pattern"":[0,2,0,2,0]}",5,4,0.5398853960992931,231,155,76,0.670995670995671,4.400000000000013,0.0190476190476191,0.608040866415517,0.7283562944466031,159,102,57,0.6415094339622641,0.4500000000000064,0.002830188679245323,0.5644399554980296,0.711902447265322,501,329,172,0.656686626746507,5.60000000000003,0.011177644710578902,0.6140586409358,0.696930080883424
parity,last digits have parity EEOEOEEE,"{""kind"":""parity_suffix"",""pattern"":[0,0,1,0,1,0,0,0]}",8,4,0.5120172480262688,187,120,67,0.6417112299465241,0.5500000000000078,0.002941176470588277,0.5707693033744078,0.706948129344425,99,66,33,0.6666666666666666,1.6500000000000057,0.016666666666666725,0.5691204267519376,0.7517618358921199,375,241,134,0.6426666666666667,1.3000000000000185,0.003466666666666716,0.5929426033919496,0.6894974450997948
binary_le_4,"last 8 digits match HLLHLHLL, where L <= 4","{""kind"":""binary_suffix"",""pattern"":[0,1,1,0,1,0,1,1],""threshold"":4}",8,3,0.5091315323432889,178,115,63,0.6460674157303371,0.95000000000001,0.005337078651685449,0.5734106653703591,0.7125527245916351,97,65,32,0.6701030927835051,1.8000000000000043,0.01855670103092788,0.5716272738928372,0.7556190827735929,353,220,133,0.623229461756374,-2.549999999999983,-0.007223796033994286,0.571607967983312,0.6721977834210274
binary_le_3,"last 8 digits match HHHHHLLH, where L <= 3","{""kind"":""binary_suffix"",""pattern"":[0,0,0,0,0,1,1,0],""threshold"":3}",8,5,0.5080165907340284,353,242,111,0.6855524079320113,9.550000000000018,0.027053824362606286,0.6353403748376978,0.7317694347481467,182,116,66,0.6373626373626373,0.10000000000000853,0.0005494505494505963,0.5653445528089828,0.7037019792043159,716,465,251,0.6494413407821229,5.150000000000034,0.007192737430167646,0.6137785247242779,0.6835091590812549
parity,last digits have parity OOEOOOEO,"{""kind"":""parity_suffix"",""pattern"":[1,1,0,1,1,1,0,1]}",8,3,0.5011822646334045,189,122,67,0.6455026455026455,0.95000000000001,0.005026455026455079,0.5750265165839736,0.71018186306814,109,73,36,0.6697247706422018,2.0000000000000053,0.01834862385321106,0.5769786271265971,0.7509150423339623,409,264,145,0.6454767726161369,2.0500000000000185,0.005012224938875351,0.5979588618994615,0.6902873824092629
binary_le_3,"last 7 digits match HLLHHLL, where L <= 3","{""kind"":""binary_suffix"",""pattern"":[0,1,1,0,0,1,1],""threshold"":3}",7,4,0.4905801826696715,289,188,101,0.6505190311418685,2.2500000000000213,0.007785467128027756,0.5938986810907662,0.7031904003199018,131,84,47,0.6412213740458015,0.350000000000005,0.0026717557251908775,0.5561413946369288,0.718254924741378,575,351,224,0.6104347826086957,-8.199999999999974,-0.014260869565217348,0.5699688374508531,0.6494349354902631
binary_le_2,"last 8 digits match LHHLLHHH, where L <= 2","{""kind"":""binary_suffix"",""pattern"":[1,0,0,1,1,0,0,0],""threshold"":2}",8,4,0.4807614728849159,203,137,66,0.6748768472906403,4.300000000000011,0.021182266009852273,0.607710491477961,0.7355475787600185,120,77,43,0.6416666666666667,0.35000000000000675,0.0029166666666667227,0.5527053600179013,0.7218392094967996,447,279,168,0.6241610738255033,-2.9999999999999787,-0.0067114093959731065,0.5783826115564336,0.6678236718904184
binary_le_4,"last 8 digits match LHLLHHLL, where L <= 4","{""kind"":""binary_suffix"",""pattern"":[1,0,1,1,0,0,1,1],""threshold"":4}",8,3,0.47772865552510113,193,125,68,0.6476683937823834,1.20000000000001,0.006217616580310933,0.577991175067815,0.7115819684228668,91,59,32,0.6483516483516484,0.600000000000005,0.006593406593406648,0.5460584088751161,0.7386272163327987,382,236,146,0.6178010471204188,-3.8999999999999773,-0.010209424083769575,0.5681284374045786,0.6651279894062693
binary_le_3,"last 6 digits match LLHHLL, where L <= 3","{""kind"":""binary_suffix"",""pattern"":[1,1,0,0,1,1],""threshold"":3}",6,3,0.46561519910899296,474,310,164,0.6540084388185654,4.600000000000023,0.009704641350211018,0.6101012327708837,0.695439438313467,210,135,75,0.6428571428571429,0.7500000000000107,0.003571428571428622,0.5760181086351909,0.7045635911478713,937,596,341,0.6360725720384205,-0.14999999999994884,-0.0001600853788686754,0.6047686594834459,0.6662653150606094
exact_digits,last digits equal 2-3,"{""kind"":""exact_suffix"",""pattern"":[2,3]}",2,4,0.4500000000000036,473,315,158,0.6659619450317125,7.700000000000024,0.016279069767441912,0.6222703795199482,0.7069795149592071,253,161,92,0.6363636363636364,1.4210854715202004e-14,5.616938622609487e-17,0.5754583584694651,0.6931898586712505,962,616,346,0.6403326403326404,2.100000000000051,0.002182952182952236,0.609503801343629,0.6700451841903673
binary_le_5,"last 8 digits match LLHLLHHL, where L <= 5","{""kind"":""binary_suffix"",""pattern"":[1,1,0,1,1,0,0,1],""threshold"":5}",8,3,0.4482482819587661,238,153,85,0.6428571428571429,0.8500000000000121,0.003571428571428622,0.5801559225686732,0.7010200194372693,133,89,44,0.6691729323308271,2.4000000000000057,0.01804511278195493,0.5854477743344909,0.7433999329890938,503,317,186,0.6302186878727635,-1.6999999999999744,-0.0033797216699800684,0.5871929760997069,0.6712704895860079
binary_le_4,"last 8 digits match LHHLLLLL, where L <= 4","{""kind"":""binary_suffix"",""pattern"":[1,0,0,1,1,1,1,1],""threshold"":4}",8,4,0.42648371880114666,202,129,73,0.6386138613861386,0.25000000000001066,0.0012376237623762903,0.5703484469850916,0.7017055907235165,97,69,28,0.711340206185567,4.000000000000005,0.04123711340206191,0.6144813647096284,0.7920974420577546,406,263,143,0.6477832512315271,2.5500000000000185,0.006280788177339947,0.6001328415045344,0.6926633054379838
parity,last digits have parity OOOEOEOE,"{""kind"":""parity_suffix"",""pattern"":[1,1,1,0,1,0,1,0]}",8,3,0.41684210758205864,193,124,69,0.6424870466321243,0.6500000000000092,0.0033678756476684417,0.5726959541810317,0.7067167281345383,99,64,35,0.6464646464646465,0.5500000000000043,0.005555555555555598,0.5484359722410154,0.7335514706886112,396,244,152,0.6161616161616161,-4.399999999999977,-0.011111111111111054,0.567364671161003,0.6627265261634263
parity,last digits have parity OOOEEEEO,"{""kind"":""parity_suffix"",""pattern"":[1,1,1,0,0,0,0,1]}",8,3,0.4120082403081181,204,131,73,0.6421568627450981,0.6500000000000128,0.0031862745098039844,0.5743063071814885,0.7047525501278076,101,71,30,0.7029702970297029,3.7000000000000046,0.03663366336633668,0.6077495802310494,0.7833170880620782,404,274,130,0.6782178217821783,9.300000000000018,0.023019801980198065,0.6311695347687694,0.7219088413639254
binary_le_6,"last 7 digits match LLHLLHH, where L <= 6","{""kind"":""binary_suffix"",""pattern"":[1,1,0,1,1,0,0],""threshold"":6}",7,3,0.39431955314384054,318,208,110,0.6540880503144654,3.1000000000000156,0.009748427672956025,0.6002492989896813,0.7042484508002183,184,118,66,0.6413043478260869,0.5000000000000107,0.002717391304347884,0.5697658482280897,0.7070633476611793,669,429,240,0.6412556053811659,1.8000000000000256,0.002690582959641294,0.6041991869743998,0.6766990803994105
parity,last digits have parity EOOEOEEE,"{""kind"":""parity_suffix"",""pattern"":[0,1,1,0,1,0,0,0]}",8,4,0.3872064780895519,193,123,70,0.6373056994818653,0.10000000000000853,0.000518134715025951,0.5674090627524999,0.7018431583879587,126,85,41,0.6746031746031746,2.6500000000000075,0.021031746031746092,0.58868366497837,0.7501911474246719,399,252,147,0.631578947368421,-1.0499999999999758,-0.0026315789473683607,0.5832025099075082,0.6774459355315094
three_bins_4_7,last 4 digits have bin pattern 1221 for bins 0-4/5-7/8-9,"{""boundaries"":[4,7],""kind"":""categorical_suffix"",""pattern"":[1,2,2,1]}",4,3,0.3551317846420015,188,120,68,0.6382978723404256,0.20000000000000995,0.0010638297872340955,0.5674792235398644,0.7035779312569107,88,57,31,0.6477272727272727,0.5500000000000043,0.006250000000000048,0.5436598679108756,0.7394366805744971,379,250,129,0.6596306068601583,4.850000000000016,0.012796833773087112,0.6105378511625956,0.7055198725038241
parity,last digits have parity OOEOEEEO,"{""kind"":""parity_suffix"",""pattern"":[1,1,0,1,0,0,0,1]}",8,3,0.349971479845647,189,121,68,0.6402116402116402,0.40000000000000924,0.002116402116402165,0.5696228908054883,0.7052142750410941,103,75,28,0.7281553398058253,5.200000000000006,0.05048543689320394,0.6351914460583965,0.804712693390667,372,239,133,0.6424731182795699,1.2500000000000213,0.003360215053763498,0.5925412589281996,0.6894925548309426
parity,last digits have parity EOOOEOOE,"{""kind"":""parity_suffix"",""pattern"":[0,1,1,1,0,1,1,0]}",8,3,0.34329923381767075,164,105,59,0.6402439024390244,0.3500000000000085,0.002134146341463467,0.5643567024484357,0.709711458798554,89,62,27,0.6966292134831461,2.9500000000000046,0.03314606741573039,0.5946286603942715,0.7823580914791123,342,210,132,0.6140350877192983,-4.1999999999999815,-0.012280701754385911,0.5614453944349064,0.6640914751641781
binary_le_6,"last 8 digits match LLLLHHLH, where L <= 6","{""kind"":""binary_suffix"",""pattern"":[1,1,1,1,0,0,1,0],""threshold"":6}",8,3,0.3293916527417921,219,140,79,0.639269406392694,0.3500000000000121,0.0015981735159817903,0.57377313938011,0.6999640741654298,113,79,34,0.6991150442477876,3.9000000000000075,0.034513274336283255,0.6091495130335224,0.7759877529180895,453,293,160,0.6467991169977925,2.6000000000000227,0.005739514348785922,0.6017184060516757,0.689411038161489
binary_le_7,"last 7 digits match LLLLLHH, where L <= 7","{""kind"":""binary_suffix"",""pattern"":[1,1,1,1,1,0,0],""threshold"":7}",7,3,0.30849506156386686,673,430,243,0.6389301634472511,0.9500000000000313,0.0014115898959881593,0.6019482043225167,0.6743351077633334,312,199,113,0.6378205128205128,0.2500000000000142,0.0008012820512820968,0.5831117982736691,0.6891767110344864,1324,823,501,0.6216012084592145,-10.749999999999943,-0.00811933534743198,0.595161145950859,0.6473376839064195
binary_le_4,"last 8 digits match LLHHLHHL, where L <= 4","{""kind"":""binary_suffix"",""pattern"":[1,1,0,0,1,0,0,1],""threshold"":4}",8,3,0.30648371880114667,202,129,73,0.6386138613861386,0.25000000000001066,0.0012376237623762903,0.5703484469850916,0.7017055907235165,102,68,34,0.6666666666666666,1.7000000000000064,0.01666666666666673,0.5706063272058552,0.750628852078657,397,263,134,0.6624685138539043,5.700000000000017,0.014357682619647398,0.6145937907193694,0.7072292072797092
binary_le_5,"last 8 digits match LHLHLHHL, where L <= 5","{""kind"":""binary_suffix"",""pattern"":[1,0,1,0,1,0,0,1],""threshold"":5}",8,3,0.29756471673400164,164,106,58,0.6463414634146342,0.9000000000000092,0.0054878048780488365,0.5705840627828378,0.7154001054748906,97,62,35,0.6391752577319587,0.1500000000000039,0.0015463917525773598,0.5399919512124194,0.727755067878296,337,214,123,0.6350148367952523,-0.2499999999999858,-0.0007418397626112338,0.5823610268146414,0.6846252732524295
binary_le_6,"last 7 digits match LLLHHLH, where L <= 6","{""kind"":""binary_suffix"",""pattern"":[1,1,1,0,0,1,0],""threshold"":6}",7,3,0.28741018617761105,306,195,111,0.6372549019607843,0.1500000000000199,0.0004901960784314376,0.5819914171373729,0.6891149748855582,154,106,48,0.6883116883116883,4.400000000000009,0.028571428571428633,0.6113247288863868,0.7561325946415671,630,402,228,0.638095238095238,0.6000000000000227,0.0009523809523809885,0.5998380794440371,0.6746785170621917
binary_le_2,"last 8 digits match HHHHHLHL, where L <= 2","{""kind"":""binary_suffix"",""pattern"":[0,0,0,0,0,1,0,1],""threshold"":2}",8,3,0.2855015755193313,497,317,180,0.6378269617706237,0.400000000000027,0.0008048289738431126,0.594663790553948,0.6788758647345476,276,176,100,0.6376811594202898,0.20000000000000995,0.0007246376811594563,0.5794424938992269,0.6921398524774631,1012,633,379,0.6254940711462451,-6.049999999999969,-0.005978260869565186,0.5952527688050938,0.6547862484002805
three_bins_4_7,last 5 digits have bin pattern 02020 for bins 0-4/5-7/8-9,"{""boundaries"":[4,7],""kind"":""categorical_suffix"",""pattern"":[0,2,0,2,0]}",5,3,0.28500000000000264,209,136,73,0.6507177033492823,1.6500000000000128,0.007894736842105324,0.5838918889985267,0.7121030752770829,132,84,48,0.6363636363636364,7.105427357601002e-15,5.3828995133340925e-17,0.5515211883191461,0.7134936334630516,422,270,152,0.6398104265402843,0.8000000000000256,0.0018957345971564587,0.5929369721470918,0.6841614586322498
binary_le_8,"last 8 digits match LLLLHLHL, where L <= 8","{""kind"":""binary_suffix"",""pattern"":[1,1,1,1,0,1,0,1],""threshold"":8}",8,3,0.2735389235452792,287,186,101,0.6480836236933798,1.8500000000000156,0.0064459930313589394,0.5912076900865584,0.7010477550094008,127,81,46,0.6377952755905512,0.10000000000000853,0.0007874015748032167,0.5512947524229214,0.716204557929191,540,341,199,0.6314814814814815,-1.4499999999999744,-0.0026851851851851377,0.5899985557805784,0.6711069515265021
binary_le_2,"last 8 digits match LHHLHHHH, where L <= 2","{""kind"":""binary_suffix"",""pattern"":[1,0,0,1,0,0,0,0],""threshold"":2}",8,3,0.2725300024316251,540,344,196,0.6370370370370371,0.20000000000003126,0.00037037037037042825,0.5956440726173404,0.6764940617590531,261,170,91,0.6513409961685823,2.1500000000000163,0.00823754789272037,0.5917107587742017,0.7065809073107727,1065,669,396,0.6281690140845071,-4.7999999999999545,-0.004507042253521084,0.5987311059648565,0.6566856331100056
three_bins_4_7,last 6 digits have bin pattern 010010 for bins 0-4/5-7/8-9,"{""boundaries"":[4,7],""kind"":""categorical_suffix"",""pattern"":[0,1,0,0,1,0]}",6,3,0.27000000000000257,295,197,98,0.6677966101694915,5.100000000000016,0.017288135593220393,0.6121948283202472,0.7190845075211709,121,77,44,0.6363636363636364,7.105427357601002e-15,5.872254014546283e-17,0.5476803635967378,0.7166549005994045,543,336,207,0.6187845303867403,-5.249999999999972,-0.009668508287292765,0.5772342343519979,0.6586659482680223
binary_le_5,"last 7 digits match HLHLLHL, where L <= 5","{""kind"":""binary_suffix"",""pattern"":[0,1,0,1,1,0,1],""threshold"":5}",7,3,0.25500000000000467,407,259,148,0.6363636363636364,2.1316282072803006e-14,5.2374157427034414e-17,0.588555677725992,0.6816215344731408,211,144,67,0.6824644549763034,5.350000000000012,0.025355450236966882,0.6168684951378265,0.7415353270232581,821,517,304,0.6297198538367844,-2.9999999999999574,-0.003654080389768523,0.5961566683089133,0.6620747745001495
binary_le_5,"last 7 digits match HLLHHHH, where L <= 5","{""kind"":""binary_suffix"",""pattern"":[0,1,1,0,0,0,0],""threshold"":5}",7,3,0.25500000000000317,187,119,68,0.6363636363636364,1.0658141036401503e-14,5.699540661177275e-17,0.5653143126179756,0.7019232169793916,90,64,26,0.7111111111111111,3.7000000000000046,0.04111111111111116,0.6103595640200169,0.7945787274083785,379,246,133,0.6490765171503958,2.65000000000002,0.0069920844327177305,0.5997501353431034,0.6954112098990906
binary_le_4,"last 8 digits match HHHHHLLH, where L <= 4","{""kind"":""binary_suffix"",""pattern"":[0,0,0,0,0,1,1,0],""threshold"":4}",8,3,0.25371021242768,190,121,69,0.6368421052631579,0.050000000000007816,0.00026315789473688324,0.5663759836337776,0.7018844819877728,95,65,30,0.6842105263157895,2.5000000000000036,0.026315789473684247,0.5851346840006258,0.7689677383795684,389,252,137,0.6478149100257069,2.450000000000024,0.006298200514138879,0.5991138406045076,0.6936251191408023
binary_le_6,"last 8 digits match LLHLHLHL, where L <= 6","{""kind"":""binary_suffix"",""pattern"":[1,1,0,1,0,1,0,1],""threshold"":6}",8,3,0.24000000000000266,226,145,81,0.6415929203539823,0.6500000000000128,0.0028761061946903223,0.5771869217054455,0.7012658880199236,132,84,48,0.6363636363636364,7.105427357601002e-15,5.3828995133340925e-17,0.5515211883191461,0.7134936334630516,460,297,163,0.6456521739130435,2.3500000000000227,0.005108695652173962,0.6009003146146382,0.6879914984214192
