trade_number,condition,block,signal_sequence,signal_epoch,signal_utc,signal_eat,result_sequence,result_digit,outcome,net_profit,cumulative_pnl,drawdown,cooldown_after,consecutive_wins_after,consecutive_losses_after
1,last 5 digits have bin pattern 22001 for bins 0-2/3-5/6-9,1,680,1782894244,2026-07-01T08:24:04+00:00,2026-07-01T11:24:04+03:00,681,9,win,0.20000000000000007,0.20000000000000007,0.0,1,1,0
2,last 5 digits have bin pattern 22001 for bins 0-2/3-5/6-9,1,842,1782894406,2026-07-01T08:26:46+00:00,2026-07-01T11:26:46+03:00,843,3,loss,-0.35,-0.1499999999999999,0.35,3,0,1
3,last 5 digits have bin pattern 22001 for bins 0-2/3-5/6-9,1,937,1782894501,2026-07-01T08:28:21+00:00,2026-07-01T11:28:21+03:00,938,5,win,0.20000000000000007,0.050000000000000155,0.1499999999999999,1,1,0
4,last 5 digits have bin pattern 22001 for bins 0-2/3-5/6-9,2,1153,1782894717,2026-07-01T08:31:57+00:00,2026-07-01T11:31:57+03:00,1154,7,win,0.20000000000000007,0.2500000000000002,0.0,1,2,0
5,last 5 digits have bin pattern 22001 for bins 0-2/3-5/6-9,2,1245,1782894809,2026-07-01T08:33:29+00:00,2026-07-01T11:33:29+03:00,1246,7,win,0.20000000000000007,0.4500000000000003,0.0,1,3,0
6,last 5 digits have bin pattern 22001 for bins 0-2/3-5/6-9,2,1503,1782895067,2026-07-01T08:37:47+00:00,2026-07-01T11:37:47+03:00,1504,8,win,0.20000000000000007,0.6500000000000004,0.0,1,4,0
7,last 5 digits have bin pattern 22001 for bins 0-2/3-5/6-9,2,1522,1782895086,2026-07-01T08:38:06+00:00,2026-07-01T11:38:06+03:00,1523,7,win,0.20000000000000007,0.8500000000000004,0.0,1,5,0
8,last 5 digits have bin pattern 22001 for bins 0-2/3-5/6-9,2,1591,1782895155,2026-07-01T08:39:15+00:00,2026-07-01T11:39:15+03:00,1592,0,loss,-0.35,0.5000000000000004,0.35,3,0,1
9,last 5 digits have bin pattern 22001 for bins 0-2/3-5/6-9,2,1771,1782895335,2026-07-01T08:42:15+00:00,2026-07-01T11:42:15+03:00,1772,5,win,0.20000000000000007,0.7000000000000005,0.1499999999999999,1,1,0
10,last 5 digits have bin pattern 22001 for bins 0-2/3-5/6-9,2,1971,1782895535,2026-07-01T08:45:35+00:00,2026-07-01T11:45:35+03:00,1972,7,win,0.20000000000000007,0.9000000000000006,0.0,1,2,0
11,last 5 digits have bin pattern 22001 for bins 0-2/3-5/6-9,3,2516,1782896080,2026-07-01T08:54:40+00:00,2026-07-01T11:54:40+03:00,2517,5,win,0.20000000000000007,1.1000000000000005,0.0,1,3,0
12,last 5 digits have bin pattern 22001 for bins 0-2/3-5/6-9,3,2940,1782896504,2026-07-01T09:01:44+00:00,2026-07-01T12:01:44+03:00,2941,0,loss,-0.35,0.7500000000000006,0.35,3,0,1
13,last 5 digits have bin pattern 22001 for bins 0-2/3-5/6-9,4,3256,1782896820,2026-07-01T09:07:00+00:00,2026-07-01T12:07:00+03:00,3257,6,win,0.20000000000000007,0.9500000000000006,0.1499999999999999,1,1,0
14,last 5 digits have bin pattern 22001 for bins 0-2/3-5/6-9,4,3514,1782897078,2026-07-01T09:11:18+00:00,2026-07-01T12:11:18+03:00,3515,5,win,0.20000000000000007,1.1500000000000008,0.0,1,2,0
15,last 5 digits have bin pattern 22001 for bins 0-2/3-5/6-9,5,4067,1782897631,2026-07-01T09:20:31+00:00,2026-07-01T12:20:31+03:00,4068,6,win,0.20000000000000007,1.350000000000001,0.0,1,3,0
16,last 5 digits have bin pattern 22001 for bins 0-2/3-5/6-9,5,4205,1782897769,2026-07-01T09:22:49+00:00,2026-07-01T12:22:49+03:00,4206,3,loss,-0.35,1.0000000000000009,0.3500000000000001,3,0,1
17,last 5 digits have bin pattern 22001 for bins 0-2/3-5/6-9,5,4607,1782898171,2026-07-01T09:29:31+00:00,2026-07-01T12:29:31+03:00,4608,9,win,0.20000000000000007,1.200000000000001,0.1499999999999999,1,1,0
18,last 5 digits have bin pattern 22001 for bins 0-2/3-5/6-9,5,4651,1782898215,2026-07-01T09:30:15+00:00,2026-07-01T12:30:15+03:00,4652,6,win,0.20000000000000007,1.4000000000000012,0.0,1,2,0
19,last 5 digits have bin pattern 22001 for bins 0-2/3-5/6-9,5,4656,1782898220,2026-07-01T09:30:20+00:00,2026-07-01T12:30:20+03:00,4657,1,loss,-0.35,1.0500000000000012,0.3500000000000001,3,0,1
20,last 5 digits have bin pattern 22001 for bins 0-2/3-5/6-9,6,5141,1782898705,2026-07-01T09:38:25+00:00,2026-07-01T12:38:25+03:00,5142,7,win,0.20000000000000007,1.2500000000000013,0.1499999999999999,1,1,0
21,last 5 digits have bin pattern 22001 for bins 0-2/3-5/6-9,6,5325,1782898889,2026-07-01T09:41:29+00:00,2026-07-01T12:41:29+03:00,5326,5,win,0.20000000000000007,1.4500000000000015,0.0,1,2,0
22,last 5 digits have bin pattern 22001 for bins 0-2/3-5/6-9,6,5331,1782898895,2026-07-01T09:41:35+00:00,2026-07-01T12:41:35+03:00,5332,9,win,0.20000000000000007,1.6500000000000017,0.0,1,3,0
23,last 5 digits have bin pattern 22001 for bins 0-2/3-5/6-9,6,5560,1782899124,2026-07-01T09:45:24+00:00,2026-07-01T12:45:24+03:00,5561,7,win,0.20000000000000007,1.8500000000000019,0.0,1,4,0
24,last 5 digits have bin pattern 22001 for bins 0-2/3-5/6-9,6,5826,1782899390,2026-07-01T09:49:50+00:00,2026-07-01T12:49:50+03:00,5827,0,loss,-0.35,1.5000000000000018,0.3500000000000001,3,0,1
25,last 5 digits have bin pattern 22001 for bins 0-2/3-5/6-9,7,6365,1782899929,2026-07-01T09:58:49+00:00,2026-07-01T12:58:49+03:00,6366,4,win,0.20000000000000007,1.700000000000002,0.1499999999999999,1,1,0
26,last 5 digits have bin pattern 22001 for bins 0-2/3-5/6-9,7,6875,1782900439,2026-07-01T10:07:19+00:00,2026-07-01T13:07:19+03:00,6876,2,loss,-0.35,1.3500000000000019,0.5,3,0,1
27,last 5 digits have bin pattern 22001 for bins 0-2/3-5/6-9,8,7729,1782901293,2026-07-01T10:21:33+00:00,2026-07-01T13:21:33+03:00,7730,2,loss,-0.35,1.0000000000000018,0.8500000000000001,3,0,2
28,last 5 digits have bin pattern 22001 for bins 0-2/3-5/6-9,9,8064,1782901628,2026-07-01T10:27:08+00:00,2026-07-01T13:27:08+03:00,8065,9,win,0.20000000000000007,1.200000000000002,0.6499999999999999,1,1,0
29,last 5 digits have bin pattern 22001 for bins 0-2/3-5/6-9,9,8302,1782901866,2026-07-01T10:31:06+00:00,2026-07-01T13:31:06+03:00,8303,7,win,0.20000000000000007,1.4000000000000021,0.44999999999999973,1,2,0
30,last 5 digits have bin pattern 22001 for bins 0-2/3-5/6-9,9,8715,1782902279,2026-07-01T10:37:59+00:00,2026-07-01T13:37:59+03:00,8716,9,win,0.20000000000000007,1.6000000000000023,0.24999999999999956,1,3,0
31,last 5 digits have bin pattern 22001 for bins 0-2/3-5/6-9,9,8801,1782902365,2026-07-01T10:39:25+00:00,2026-07-01T13:39:25+03:00,8802,6,win,0.20000000000000007,1.8000000000000025,0.04999999999999938,1,4,0
32,last 5 digits have bin pattern 22001 for bins 0-2/3-5/6-9,10,9231,1782902795,2026-07-01T10:46:35+00:00,2026-07-01T13:46:35+03:00,9232,5,win,0.20000000000000007,2.0000000000000027,0.0,1,5,0
33,last 5 digits have bin pattern 22001 for bins 0-2/3-5/6-9,10,9386,1782902950,2026-07-01T10:49:10+00:00,2026-07-01T13:49:10+03:00,9387,1,loss,-0.35,1.6500000000000026,0.3500000000000001,3,0,1
34,last 5 digits have bin pattern 22001 for bins 0-2/3-5/6-9,10,9703,1782903267,2026-07-01T10:54:27+00:00,2026-07-01T13:54:27+03:00,9704,3,loss,-0.35,1.3000000000000025,0.7000000000000002,3,0,2
35,last 5 digits have bin pattern 22001 for bins 0-2/3-5/6-9,10,9724,1782903288,2026-07-01T10:54:48+00:00,2026-07-01T13:54:48+03:00,9725,3,loss,-0.35,0.9500000000000025,1.0500000000000003,15,0,3
36,last 5 digits have bin pattern 22001 for bins 0-2/3-5/6-9,10,9766,1782903330,2026-07-01T10:55:30+00:00,2026-07-01T13:55:30+03:00,9767,7,win,0.20000000000000007,1.1500000000000026,0.8500000000000001,1,1,0
37,last 5 digits have bin pattern 22001 for bins 0-2/3-5/6-9,11,10862,1782904426,2026-07-01T11:13:46+00:00,2026-07-01T14:13:46+03:00,10863,3,loss,-0.35,0.8000000000000026,1.2000000000000002,3,0,1
38,last 5 digits have bin pattern 22001 for bins 0-2/3-5/6-9,12,11748,1782905312,2026-07-01T11:28:32+00:00,2026-07-01T14:28:32+03:00,11749,4,win,0.20000000000000007,1.0000000000000027,1.0,1,1,0
39,last 5 digits have bin pattern 22001 for bins 0-2/3-5/6-9,12,11944,1782905508,2026-07-01T11:31:48+00:00,2026-07-01T14:31:48+03:00,11945,3,loss,-0.35,0.6500000000000027,1.35,3,0,1
40,last 5 digits have bin pattern 22001 for bins 0-2/3-5/6-9,12,11985,1782905549,2026-07-01T11:32:29+00:00,2026-07-01T14:32:29+03:00,11986,6,win,0.20000000000000007,0.8500000000000028,1.15,1,1,0
41,last 5 digits have bin pattern 22001 for bins 0-2/3-5/6-9,13,12430,1782905994,2026-07-01T11:39:54+00:00,2026-07-01T14:39:54+03:00,12431,9,win,0.20000000000000007,1.050000000000003,0.9499999999999997,1,2,0
42,last 5 digits have bin pattern 22001 for bins 0-2/3-5/6-9,13,12513,1782906077,2026-07-01T11:41:17+00:00,2026-07-01T14:41:17+03:00,12514,2,loss,-0.35,0.700000000000003,1.2999999999999998,3,0,1
43,last 5 digits have bin pattern 22001 for bins 0-2/3-5/6-9,13,12525,1782906089,2026-07-01T11:41:29+00:00,2026-07-01T14:41:29+03:00,12526,9,win,0.20000000000000007,0.900000000000003,1.0999999999999996,1,1,0
44,last 5 digits have bin pattern 22001 for bins 0-2/3-5/6-9,13,12574,1782906138,2026-07-01T11:42:18+00:00,2026-07-01T14:42:18+03:00,12575,4,win,0.20000000000000007,1.1000000000000032,0.8999999999999995,1,2,0
45,last 5 digits have bin pattern 22001 for bins 0-2/3-5/6-9,13,12697,1782906261,2026-07-01T11:44:21+00:00,2026-07-01T14:44:21+03:00,12698,1,loss,-0.35,0.7500000000000032,1.2499999999999996,3,0,1
46,last 5 digits have bin pattern 22001 for bins 0-2/3-5/6-9,13,12795,1782906359,2026-07-01T11:45:59+00:00,2026-07-01T14:45:59+03:00,12796,8,win,0.20000000000000007,0.9500000000000033,1.0499999999999994,1,1,0
47,last 5 digits have bin pattern 22001 for bins 0-2/3-5/6-9,14,13009,1782906573,2026-07-01T11:49:33+00:00,2026-07-01T14:49:33+03:00,13010,1,loss,-0.35,0.6000000000000033,1.3999999999999995,3,0,1
48,last 5 digits have bin pattern 22001 for bins 0-2/3-5/6-9,14,13416,1782906980,2026-07-01T11:56:20+00:00,2026-07-01T14:56:20+03:00,13417,9,win,0.20000000000000007,0.8000000000000034,1.1999999999999993,1,1,0
49,last 5 digits have bin pattern 22001 for bins 0-2/3-5/6-9,15,14347,1782907911,2026-07-01T12:11:51+00:00,2026-07-01T15:11:51+03:00,14348,8,win,0.20000000000000007,1.0000000000000036,0.9999999999999991,1,2,0
50,last 5 digits have bin pattern 22001 for bins 0-2/3-5/6-9,15,14376,1782907940,2026-07-01T12:12:20+00:00,2026-07-01T15:12:20+03:00,14377,9,win,0.20000000000000007,1.2000000000000037,0.7999999999999989,1,3,0
51,last 5 digits have bin pattern 22001 for bins 0-2/3-5/6-9,15,14746,1782908310,2026-07-01T12:18:30+00:00,2026-07-01T15:18:30+03:00,14747,7,win,0.20000000000000007,1.400000000000004,0.5999999999999988,1,4,0
52,last 5 digits have bin pattern 22001 for bins 0-2/3-5/6-9,15,14856,1782908420,2026-07-01T12:20:20+00:00,2026-07-01T15:20:20+03:00,14857,7,win,0.20000000000000007,1.600000000000004,0.3999999999999986,1,5,0
53,last 5 digits have bin pattern 22001 for bins 0-2/3-5/6-9,15,14925,1782908489,2026-07-01T12:21:29+00:00,2026-07-01T15:21:29+03:00,14926,3,loss,-0.35,1.250000000000004,0.7499999999999987,3,0,1
54,last 5 digits have bin pattern 22001 for bins 0-2/3-5/6-9,16,15011,1782908575,2026-07-01T12:22:55+00:00,2026-07-01T15:22:55+03:00,15012,6,win,0.20000000000000007,1.4500000000000042,0.5499999999999985,1,1,0
55,last 5 digits have bin pattern 22001 for bins 0-2/3-5/6-9,16,15228,1782908792,2026-07-01T12:26:32+00:00,2026-07-01T15:26:32+03:00,15229,8,win,0.20000000000000007,1.6500000000000044,0.3499999999999983,1,2,0
56,last 5 digits have bin pattern 22001 for bins 0-2/3-5/6-9,16,15510,1782909074,2026-07-01T12:31:14+00:00,2026-07-01T15:31:14+03:00,15511,9,win,0.20000000000000007,1.8500000000000045,0.14999999999999813,1,3,0
57,last 5 digits have bin pattern 22001 for bins 0-2/3-5/6-9,16,15574,1782909138,2026-07-01T12:32:18+00:00,2026-07-01T15:32:18+03:00,15575,8,win,0.20000000000000007,2.0500000000000047,0.0,1,4,0
58,last 5 digits have bin pattern 22001 for bins 0-2/3-5/6-9,16,15650,1782909214,2026-07-01T12:33:34+00:00,2026-07-01T15:33:34+03:00,15651,4,win,0.20000000000000007,2.250000000000005,0.0,1,5,0
59,last 5 digits have bin pattern 22001 for bins 0-2/3-5/6-9,16,15666,1782909230,2026-07-01T12:33:50+00:00,2026-07-01T15:33:50+03:00,15667,0,loss,-0.35,1.9000000000000048,0.3500000000000001,3,0,1
60,last 5 digits have bin pattern 22001 for bins 0-2/3-5/6-9,16,15839,1782909403,2026-07-01T12:36:43+00:00,2026-07-01T15:36:43+03:00,15840,2,loss,-0.35,1.5500000000000047,0.7000000000000002,3,0,2
61,last 5 digits have bin pattern 22001 for bins 0-2/3-5/6-9,16,15896,1782909460,2026-07-01T12:37:40+00:00,2026-07-01T15:37:40+03:00,15897,2,loss,-0.35,1.2000000000000046,1.0500000000000003,15,0,3
62,last 5 digits have bin pattern 22001 for bins 0-2/3-5/6-9,16,15967,1782909531,2026-07-01T12:38:51+00:00,2026-07-01T15:38:51+03:00,15968,2,loss,-0.35,0.8500000000000046,1.4000000000000004,15,0,4
63,last 5 digits have bin pattern 22001 for bins 0-2/3-5/6-9,17,16080,1782909644,2026-07-01T12:40:44+00:00,2026-07-01T15:40:44+03:00,16081,3,loss,-0.35,0.5000000000000047,1.7500000000000002,50,0,5
64,last 5 digits have bin pattern 22001 for bins 0-2/3-5/6-9,17,16302,1782909866,2026-07-01T12:44:26+00:00,2026-07-01T15:44:26+03:00,16303,1,loss,-0.35,0.15000000000000469,2.1,50,0,6
65,last 5 digits have bin pattern 22001 for bins 0-2/3-5/6-9,17,16765,1782910329,2026-07-01T12:52:09+00:00,2026-07-01T15:52:09+03:00,16766,5,win,0.20000000000000007,0.35000000000000475,1.9000000000000001,1,1,0
66,last 5 digits have bin pattern 22001 for bins 0-2/3-5/6-9,17,16906,1782910470,2026-07-01T12:54:30+00:00,2026-07-01T15:54:30+03:00,16907,8,win,0.20000000000000007,0.5500000000000048,1.7000000000000002,1,2,0
67,last 5 digits have bin pattern 22001 for bins 0-2/3-5/6-9,18,17058,1782910622,2026-07-01T12:57:02+00:00,2026-07-01T15:57:02+03:00,17059,7,win,0.20000000000000007,0.7500000000000049,1.5,1,3,0
68,last 5 digits have bin pattern 22001 for bins 0-2/3-5/6-9,18,17639,1782911203,2026-07-01T13:06:43+00:00,2026-07-01T16:06:43+03:00,17640,6,win,0.20000000000000007,0.950000000000005,1.2999999999999998,1,4,0
69,last 5 digits have bin pattern 22001 for bins 0-2/3-5/6-9,18,17801,1782911365,2026-07-01T13:09:25+00:00,2026-07-01T16:09:25+03:00,17802,6,win,0.20000000000000007,1.150000000000005,1.0999999999999999,1,5,0
70,last 5 digits have bin pattern 22001 for bins 0-2/3-5/6-9,18,17963,1782911527,2026-07-01T13:12:07+00:00,2026-07-01T16:12:07+03:00,17964,5,win,0.20000000000000007,1.350000000000005,0.8999999999999999,1,6,0
71,last 5 digits have bin pattern 22001 for bins 0-2/3-5/6-9,19,18039,1782911603,2026-07-01T13:13:23+00:00,2026-07-01T16:13:23+03:00,18040,9,win,0.20000000000000007,1.5500000000000052,0.6999999999999997,1,7,0
72,last 5 digits have bin pattern 22001 for bins 0-2/3-5/6-9,19,18265,1782911829,2026-07-01T13:17:09+00:00,2026-07-01T16:17:09+03:00,18266,5,win,0.20000000000000007,1.7500000000000053,0.49999999999999956,1,8,0
73,last 5 digits have bin pattern 22001 for bins 0-2/3-5/6-9,19,18460,1782912024,2026-07-01T13:20:24+00:00,2026-07-01T16:20:24+03:00,18461,7,win,0.20000000000000007,1.9500000000000055,0.2999999999999994,1,9,0
74,last 5 digits have bin pattern 22001 for bins 0-2/3-5/6-9,19,18477,1782912041,2026-07-01T13:20:41+00:00,2026-07-01T16:20:41+03:00,18478,6,win,0.20000000000000007,2.1500000000000057,0.0999999999999992,1,10,0
75,last 5 digits have bin pattern 22001 for bins 0-2/3-5/6-9,19,18573,1782912137,2026-07-01T13:22:17+00:00,2026-07-01T16:22:17+03:00,18574,4,win,0.20000000000000007,2.350000000000006,0.0,1,11,0
76,last 5 digits have bin pattern 22001 for bins 0-2/3-5/6-9,20,19504,1782913068,2026-07-01T13:37:48+00:00,2026-07-01T16:37:48+03:00,19505,3,loss,-0.35,2.0000000000000058,0.3500000000000001,3,0,1
77,last 5 digits have bin pattern 22001 for bins 0-2/3-5/6-9,20,19714,1782913278,2026-07-01T13:41:18+00:00,2026-07-01T16:41:18+03:00,19715,0,loss,-0.35,1.6500000000000057,0.7000000000000002,3,0,2
78,last 5 digits have bin pattern 22001 for bins 0-2/3-5/6-9,20,19795,1782913359,2026-07-01T13:42:39+00:00,2026-07-01T16:42:39+03:00,19796,4,win,0.20000000000000007,1.8500000000000059,0.5,1,1,0
79,last 5 digits have bin pattern 22001 for bins 0-2/3-5/6-9,20,19831,1782913395,2026-07-01T13:43:15+00:00,2026-07-01T16:43:15+03:00,19832,6,win,0.20000000000000007,2.050000000000006,0.2999999999999998,1,2,0
80,last 5 digits have bin pattern 22001 for bins 0-2/3-5/6-9,20,19874,1782913438,2026-07-01T13:43:58+00:00,2026-07-01T16:43:58+03:00,19875,1,loss,-0.35,1.700000000000006,0.6499999999999999,3,0,1
81,last 5 digits have bin pattern 22001 for bins 0-2/3-5/6-9,21,20012,1782913576,2026-07-01T13:46:16+00:00,2026-07-01T16:46:16+03:00,20013,9,win,0.20000000000000007,1.9000000000000061,0.44999999999999973,1,1,0
82,last 5 digits have bin pattern 22001 for bins 0-2/3-5/6-9,21,20358,1782913922,2026-07-01T13:52:02+00:00,2026-07-01T16:52:02+03:00,20359,1,loss,-0.35,1.550000000000006,0.7999999999999998,3,0,1
83,last 5 digits have bin pattern 22001 for bins 0-2/3-5/6-9,21,20435,1782913999,2026-07-01T13:53:19+00:00,2026-07-01T16:53:19+03:00,20436,6,win,0.20000000000000007,1.7500000000000062,0.5999999999999996,1,1,0
84,last 5 digits have bin pattern 22001 for bins 0-2/3-5/6-9,21,20612,1782914176,2026-07-01T13:56:16+00:00,2026-07-01T16:56:16+03:00,20613,5,win,0.20000000000000007,1.9500000000000064,0.39999999999999947,1,2,0
85,last 5 digits have bin pattern 22001 for bins 0-2/3-5/6-9,21,20854,1782914418,2026-07-01T14:00:18+00:00,2026-07-01T17:00:18+03:00,20855,1,loss,-0.35,1.6000000000000063,0.7499999999999996,3,0,1
86,last 5 digits have bin pattern 22001 for bins 0-2/3-5/6-9,21,20996,1782914560,2026-07-01T14:02:40+00:00,2026-07-01T17:02:40+03:00,20997,9,win,0.20000000000000007,1.8000000000000065,0.5499999999999994,1,1,0
87,last 5 digits have bin pattern 22001 for bins 0-2/3-5/6-9,22,21024,1782914588,2026-07-01T14:03:08+00:00,2026-07-01T17:03:08+03:00,21025,5,win,0.20000000000000007,2.0000000000000067,0.3499999999999992,1,2,0
88,last 5 digits have bin pattern 22001 for bins 0-2/3-5/6-9,22,21843,1782915407,2026-07-01T14:16:47+00:00,2026-07-01T17:16:47+03:00,21844,8,win,0.20000000000000007,2.200000000000007,0.14999999999999902,1,3,0
89,last 5 digits have bin pattern 22001 for bins 0-2/3-5/6-9,23,22050,1782915614,2026-07-01T14:20:14+00:00,2026-07-01T17:20:14+03:00,22051,5,win,0.20000000000000007,2.400000000000007,0.0,1,4,0
90,last 5 digits have bin pattern 22001 for bins 0-2/3-5/6-9,23,22079,1782915643,2026-07-01T14:20:43+00:00,2026-07-01T17:20:43+03:00,22080,4,win,0.20000000000000007,2.600000000000007,0.0,1,5,0
91,last 5 digits have bin pattern 22001 for bins 0-2/3-5/6-9,23,22831,1782916395,2026-07-01T14:33:15+00:00,2026-07-01T17:33:15+03:00,22832,9,win,0.20000000000000007,2.8000000000000074,0.0,1,6,0
92,last 5 digits have bin pattern 22001 for bins 0-2/3-5/6-9,24,23399,1782916963,2026-07-01T14:42:43+00:00,2026-07-01T17:42:43+03:00,23400,9,win,0.20000000000000007,3.0000000000000075,0.0,1,7,0
93,last 5 digits have bin pattern 22001 for bins 0-2/3-5/6-9,24,23754,1782917318,2026-07-01T14:48:38+00:00,2026-07-01T17:48:38+03:00,23755,6,win,0.20000000000000007,3.2000000000000077,0.0,1,8,0
94,last 5 digits have bin pattern 22001 for bins 0-2/3-5/6-9,25,24222,1782917786,2026-07-01T14:56:26+00:00,2026-07-01T17:56:26+03:00,24223,1,loss,-0.35,2.8500000000000076,0.3500000000000001,3,0,1
95,last 5 digits have bin pattern 22001 for bins 0-2/3-5/6-9,25,24612,1782918176,2026-07-01T15:02:56+00:00,2026-07-01T18:02:56+03:00,24613,6,win,0.20000000000000007,3.050000000000008,0.1499999999999999,1,1,0
96,last 5 digits have bin pattern 22001 for bins 0-2/3-5/6-9,25,24791,1782918355,2026-07-01T15:05:55+00:00,2026-07-01T18:05:55+03:00,24792,0,loss,-0.35,2.7000000000000077,0.5,3,0,1
97,last 5 digits have bin pattern 22001 for bins 0-2/3-5/6-9,26,25319,1782918883,2026-07-01T15:14:43+00:00,2026-07-01T18:14:43+03:00,25320,8,win,0.20000000000000007,2.900000000000008,0.2999999999999998,1,1,0
98,last 5 digits have bin pattern 22001 for bins 0-2/3-5/6-9,26,25346,1782918910,2026-07-01T15:15:10+00:00,2026-07-01T18:15:10+03:00,25347,5,win,0.20000000000000007,3.100000000000008,0.09999999999999964,1,2,0
99,last 5 digits have bin pattern 22001 for bins 0-2/3-5/6-9,26,25360,1782918924,2026-07-01T15:15:24+00:00,2026-07-01T18:15:24+03:00,25361,3,loss,-0.35,2.750000000000008,0.44999999999999973,3,0,1
100,last 5 digits have bin pattern 22001 for bins 0-2/3-5/6-9,27,26135,1782919699,2026-07-01T15:28:19+00:00,2026-07-01T18:28:19+03:00,26136,1,loss,-0.35,2.400000000000008,0.7999999999999998,3,0,2
101,last 5 digits have bin pattern 22001 for bins 0-2/3-5/6-9,27,26329,1782919893,2026-07-01T15:31:33+00:00,2026-07-01T18:31:33+03:00,26330,6,win,0.20000000000000007,2.600000000000008,0.5999999999999996,1,1,0
102,last 5 digits have bin pattern 22001 for bins 0-2/3-5/6-9,27,26415,1782919979,2026-07-01T15:32:59+00:00,2026-07-01T18:32:59+03:00,26416,0,loss,-0.35,2.250000000000008,0.9499999999999997,3,0,1
103,last 5 digits have bin pattern 22001 for bins 0-2/3-5/6-9,27,26978,1782920542,2026-07-01T15:42:22+00:00,2026-07-01T18:42:22+03:00,26979,4,win,0.20000000000000007,2.450000000000008,0.7499999999999996,1,1,0
104,last 5 digits have bin pattern 22001 for bins 0-2/3-5/6-9,27,26989,1782920553,2026-07-01T15:42:33+00:00,2026-07-01T18:42:33+03:00,26990,6,win,0.20000000000000007,2.6500000000000083,0.5499999999999994,1,2,0
105,last 5 digits have bin pattern 22001 for bins 0-2/3-5/6-9,28,27139,1782920703,2026-07-01T15:45:03+00:00,2026-07-01T18:45:03+03:00,27140,5,win,0.20000000000000007,2.8500000000000085,0.3499999999999992,1,3,0
106,last 5 digits have bin pattern 22001 for bins 0-2/3-5/6-9,28,27177,1782920741,2026-07-01T15:45:41+00:00,2026-07-01T18:45:41+03:00,27178,9,win,0.20000000000000007,3.0500000000000087,0.14999999999999902,1,4,0
107,last 5 digits have bin pattern 22001 for bins 0-2/3-5/6-9,28,27328,1782920892,2026-07-01T15:48:12+00:00,2026-07-01T18:48:12+03:00,27329,8,win,0.20000000000000007,3.250000000000009,0.0,1,5,0
108,last 5 digits have bin pattern 22001 for bins 0-2/3-5/6-9,28,27350,1782920914,2026-07-01T15:48:34+00:00,2026-07-01T18:48:34+03:00,27351,1,loss,-0.35,2.900000000000009,0.3500000000000001,3,0,1
109,last 5 digits have bin pattern 22001 for bins 0-2/3-5/6-9,28,27359,1782920923,2026-07-01T15:48:43+00:00,2026-07-01T18:48:43+03:00,27360,9,win,0.20000000000000007,3.100000000000009,0.1499999999999999,1,1,0
110,last 5 digits have bin pattern 22001 for bins 0-2/3-5/6-9,28,27501,1782921065,2026-07-01T15:51:05+00:00,2026-07-01T18:51:05+03:00,27502,6,win,0.20000000000000007,3.300000000000009,0.0,1,2,0
111,last 5 digits have bin pattern 22001 for bins 0-2/3-5/6-9,28,27744,1782921308,2026-07-01T15:55:08+00:00,2026-07-01T18:55:08+03:00,27745,7,win,0.20000000000000007,3.5000000000000093,0.0,1,3,0
112,last 5 digits have bin pattern 22001 for bins 0-2/3-5/6-9,28,27806,1782921370,2026-07-01T15:56:10+00:00,2026-07-01T18:56:10+03:00,27807,6,win,0.20000000000000007,3.7000000000000095,0.0,1,4,0
113,last 5 digits have bin pattern 22001 for bins 0-2/3-5/6-9,28,27870,1782921434,2026-07-01T15:57:14+00:00,2026-07-01T18:57:14+03:00,27871,3,loss,-0.35,3.3500000000000094,0.3500000000000001,3,0,1
114,last 5 digits have bin pattern 22001 for bins 0-2/3-5/6-9,28,27885,1782921449,2026-07-01T15:57:29+00:00,2026-07-01T18:57:29+03:00,27886,6,win,0.20000000000000007,3.5500000000000096,0.1499999999999999,1,1,0
115,last 5 digits have bin pattern 22001 for bins 0-2/3-5/6-9,29,28042,1782921606,2026-07-01T16:00:06+00:00,2026-07-01T19:00:06+03:00,28043,5,win,0.20000000000000007,3.7500000000000098,0.0,1,2,0
116,last 5 digits have bin pattern 22001 for bins 0-2/3-5/6-9,29,28418,1782921982,2026-07-01T16:06:22+00:00,2026-07-01T19:06:22+03:00,28419,8,win,0.20000000000000007,3.95000000000001,0.0,1,3,0
117,last 5 digits have bin pattern 22001 for bins 0-2/3-5/6-9,29,28735,1782922299,2026-07-01T16:11:39+00:00,2026-07-01T19:11:39+03:00,28736,4,win,0.20000000000000007,4.15000000000001,0.0,1,4,0
118,last 5 digits have bin pattern 22001 for bins 0-2/3-5/6-9,29,28758,1782922322,2026-07-01T16:12:02+00:00,2026-07-01T19:12:02+03:00,28759,4,win,0.20000000000000007,4.35000000000001,0.0,1,5,0
119,last 5 digits have bin pattern 22001 for bins 0-2/3-5/6-9,30,29043,1782922607,2026-07-01T16:16:47+00:00,2026-07-01T19:16:47+03:00,29044,1,loss,-0.35,4.000000000000011,0.34999999999999964,3,0,1
120,last 5 digits have bin pattern 22001 for bins 0-2/3-5/6-9,30,29407,1782922971,2026-07-01T16:22:51+00:00,2026-07-01T19:22:51+03:00,29408,9,win,0.20000000000000007,4.200000000000011,0.14999999999999947,1,1,0
121,last 5 digits have bin pattern 22001 for bins 0-2/3-5/6-9,30,29574,1782923138,2026-07-01T16:25:38+00:00,2026-07-01T19:25:38+03:00,29575,2,loss,-0.35,3.8500000000000107,0.49999999999999956,3,0,1
122,last 5 digits have bin pattern 22001 for bins 0-2/3-5/6-9,30,29809,1782923373,2026-07-01T16:29:33+00:00,2026-07-01T19:29:33+03:00,29810,7,win,0.20000000000000007,4.0500000000000105,0.2999999999999998,1,1,0
123,last 5 digits have bin pattern 22001 for bins 0-2/3-5/6-9,31,30174,1782923738,2026-07-01T16:35:38+00:00,2026-07-01T19:35:38+03:00,30175,4,win,0.20000000000000007,4.250000000000011,0.09999999999999964,1,2,0
124,last 5 digits have bin pattern 22001 for bins 0-2/3-5/6-9,31,30447,1782924011,2026-07-01T16:40:11+00:00,2026-07-01T19:40:11+03:00,30448,8,win,0.20000000000000007,4.450000000000011,0.0,1,3,0
125,last 5 digits have bin pattern 22001 for bins 0-2/3-5/6-9,31,30510,1782924074,2026-07-01T16:41:14+00:00,2026-07-01T19:41:14+03:00,30511,5,win,0.20000000000000007,4.650000000000011,0.0,1,4,0
126,last 5 digits have bin pattern 22001 for bins 0-2/3-5/6-9,31,30807,1782924371,2026-07-01T16:46:11+00:00,2026-07-01T19:46:11+03:00,30808,4,win,0.20000000000000007,4.850000000000011,0.0,1,5,0
127,last 5 digits have bin pattern 22001 for bins 0-2/3-5/6-9,31,30853,1782924417,2026-07-01T16:46:57+00:00,2026-07-01T19:46:57+03:00,30854,7,win,0.20000000000000007,5.050000000000011,0.0,1,6,0
128,last 5 digits have bin pattern 22001 for bins 0-2/3-5/6-9,32,31325,1782924889,2026-07-01T16:54:49+00:00,2026-07-01T19:54:49+03:00,31326,5,win,0.20000000000000007,5.2500000000000115,0.0,1,7,0
129,last 5 digits have bin pattern 22001 for bins 0-2/3-5/6-9,32,31437,1782925001,2026-07-01T16:56:41+00:00,2026-07-01T19:56:41+03:00,31438,3,loss,-0.35,4.900000000000012,0.34999999999999964,3,0,1
130,last 5 digits have bin pattern 22001 for bins 0-2/3-5/6-9,32,31472,1782925036,2026-07-01T16:57:16+00:00,2026-07-01T19:57:16+03:00,31473,8,win,0.20000000000000007,5.100000000000012,0.14999999999999947,1,1,0
131,last 5 digits have bin pattern 22001 for bins 0-2/3-5/6-9,32,31479,1782925043,2026-07-01T16:57:23+00:00,2026-07-01T19:57:23+03:00,31480,7,win,0.20000000000000007,5.300000000000012,0.0,1,2,0
132,last 5 digits have bin pattern 22001 for bins 0-2/3-5/6-9,32,31861,1782925425,2026-07-01T17:03:45+00:00,2026-07-01T20:03:45+03:00,31862,1,loss,-0.35,4.950000000000013,0.34999999999999964,3,0,1
133,last 5 digits have bin pattern 22001 for bins 0-2/3-5/6-9,33,32009,1782925573,2026-07-01T17:06:13+00:00,2026-07-01T20:06:13+03:00,32010,8,win,0.20000000000000007,5.150000000000013,0.14999999999999947,1,1,0
134,last 5 digits have bin pattern 22001 for bins 0-2/3-5/6-9,33,32069,1782925633,2026-07-01T17:07:13+00:00,2026-07-01T20:07:13+03:00,32070,5,win,0.20000000000000007,5.350000000000013,0.0,1,2,0
135,last 5 digits have bin pattern 22001 for bins 0-2/3-5/6-9,33,32221,1782925785,2026-07-01T17:09:45+00:00,2026-07-01T20:09:45+03:00,32222,2,loss,-0.35,5.000000000000013,0.34999999999999964,3,0,1
136,last 5 digits have bin pattern 22001 for bins 0-2/3-5/6-9,33,32471,1782926035,2026-07-01T17:13:55+00:00,2026-07-01T20:13:55+03:00,32472,3,loss,-0.35,4.650000000000014,0.6999999999999993,3,0,2
137,last 5 digits have bin pattern 22001 for bins 0-2/3-5/6-9,34,33213,1782926777,2026-07-01T17:26:17+00:00,2026-07-01T20:26:17+03:00,33214,4,win,0.20000000000000007,4.850000000000014,0.4999999999999991,1,1,0
138,last 5 digits have bin pattern 22001 for bins 0-2/3-5/6-9,34,33785,1782927349,2026-07-01T17:35:49+00:00,2026-07-01T20:35:49+03:00,33786,7,win,0.20000000000000007,5.050000000000014,0.29999999999999893,1,2,0
139,last 5 digits have bin pattern 22001 for bins 0-2/3-5/6-9,34,33843,1782927407,2026-07-01T17:36:47+00:00,2026-07-01T20:36:47+03:00,33844,4,win,0.20000000000000007,5.250000000000014,0.09999999999999876,1,3,0
140,last 5 digits have bin pattern 22001 for bins 0-2/3-5/6-9,34,33876,1782927440,2026-07-01T17:37:20+00:00,2026-07-01T20:37:20+03:00,33877,5,win,0.20000000000000007,5.450000000000014,0.0,1,4,0
141,last 5 digits have bin pattern 22001 for bins 0-2/3-5/6-9,35,34374,1782927938,2026-07-01T17:45:38+00:00,2026-07-01T20:45:38+03:00,34375,0,loss,-0.35,5.100000000000015,0.34999999999999964,3,0,1
142,last 5 digits have bin pattern 22001 for bins 0-2/3-5/6-9,35,34841,1782928405,2026-07-01T17:53:25+00:00,2026-07-01T20:53:25+03:00,34842,1,loss,-0.35,4.750000000000015,0.6999999999999993,3,0,2
143,last 5 digits have bin pattern 22001 for bins 0-2/3-5/6-9,36,35097,1782928661,2026-07-01T17:57:41+00:00,2026-07-01T20:57:41+03:00,35098,1,loss,-0.35,4.4000000000000155,1.049999999999999,15,0,3
144,last 5 digits have bin pattern 22001 for bins 0-2/3-5/6-9,36,35273,1782928837,2026-07-01T18:00:37+00:00,2026-07-01T21:00:37+03:00,35274,0,loss,-0.35,4.050000000000016,1.3999999999999986,15,0,4
145,last 5 digits have bin pattern 22001 for bins 0-2/3-5/6-9,36,35721,1782929285,2026-07-01T18:08:05+00:00,2026-07-01T21:08:05+03:00,35722,7,win,0.20000000000000007,4.250000000000016,1.1999999999999984,1,1,0
146,last 5 digits have bin pattern 22001 for bins 0-2/3-5/6-9,36,35769,1782929333,2026-07-01T18:08:53+00:00,2026-07-01T21:08:53+03:00,35770,0,loss,-0.35,3.900000000000016,1.5499999999999985,3,0,1
147,last 5 digits have bin pattern 22001 for bins 0-2/3-5/6-9,36,35884,1782929448,2026-07-01T18:10:48+00:00,2026-07-01T21:10:48+03:00,35885,9,win,0.20000000000000007,4.100000000000016,1.3499999999999988,1,1,0
148,last 5 digits have bin pattern 22001 for bins 0-2/3-5/6-9,37,36052,1782929616,2026-07-01T18:13:36+00:00,2026-07-01T21:13:36+03:00,36053,4,win,0.20000000000000007,4.300000000000016,1.1499999999999986,1,2,0
149,last 5 digits have bin pattern 22001 for bins 0-2/3-5/6-9,37,36101,1782929665,2026-07-01T18:14:25+00:00,2026-07-01T21:14:25+03:00,36102,8,win,0.20000000000000007,4.500000000000016,0.9499999999999984,1,3,0
150,last 5 digits have bin pattern 22001 for bins 0-2/3-5/6-9,37,36128,1782929692,2026-07-01T18:14:52+00:00,2026-07-01T21:14:52+03:00,36129,8,win,0.20000000000000007,4.700000000000016,0.7499999999999982,1,4,0
151,last 5 digits have bin pattern 22001 for bins 0-2/3-5/6-9,37,36315,1782929879,2026-07-01T18:17:59+00:00,2026-07-01T21:17:59+03:00,36316,7,win,0.20000000000000007,4.900000000000016,0.549999999999998,1,5,0
152,last 5 digits have bin pattern 22001 for bins 0-2/3-5/6-9,37,36702,1782930266,2026-07-01T18:24:26+00:00,2026-07-01T21:24:26+03:00,36703,3,loss,-0.35,4.550000000000017,0.8999999999999977,3,0,1
153,last 5 digits have bin pattern 22001 for bins 0-2/3-5/6-9,37,36820,1782930384,2026-07-01T18:26:24+00:00,2026-07-01T21:26:24+03:00,36821,5,win,0.20000000000000007,4.750000000000017,0.6999999999999975,1,1,0
154,last 5 digits have bin pattern 22001 for bins 0-2/3-5/6-9,37,36940,1782930504,2026-07-01T18:28:24+00:00,2026-07-01T21:28:24+03:00,36941,3,loss,-0.35,4.400000000000017,1.0499999999999972,3,0,1
155,last 5 digits have bin pattern 22001 for bins 0-2/3-5/6-9,37,36999,1782930563,2026-07-01T18:29:23+00:00,2026-07-01T21:29:23+03:00,37000,9,win,0.20000000000000007,4.600000000000017,0.849999999999997,1,1,0
156,last 5 digits have bin pattern 22001 for bins 0-2/3-5/6-9,38,37552,1782931116,2026-07-01T18:38:36+00:00,2026-07-01T21:38:36+03:00,37553,7,win,0.20000000000000007,4.800000000000018,0.6499999999999968,1,2,0
157,last 5 digits have bin pattern 22001 for bins 0-2/3-5/6-9,38,37708,1782931272,2026-07-01T18:41:12+00:00,2026-07-01T21:41:12+03:00,37709,1,loss,-0.35,4.450000000000018,0.9999999999999964,3,0,1
158,last 5 digits have bin pattern 22001 for bins 0-2/3-5/6-9,38,37849,1782931413,2026-07-01T18:43:33+00:00,2026-07-01T21:43:33+03:00,37850,6,win,0.20000000000000007,4.650000000000018,0.7999999999999963,1,1,0
159,last 5 digits have bin pattern 22001 for bins 0-2/3-5/6-9,39,38226,1782931790,2026-07-01T18:49:50+00:00,2026-07-01T21:49:50+03:00,38227,6,win,0.20000000000000007,4.850000000000018,0.5999999999999961,1,2,0
160,last 5 digits have bin pattern 22001 for bins 0-2/3-5/6-9,39,38807,1782932371,2026-07-01T18:59:31+00:00,2026-07-01T21:59:31+03:00,38808,3,loss,-0.35,4.500000000000019,0.9499999999999957,3,0,1
161,last 5 digits have bin pattern 22001 for bins 0-2/3-5/6-9,40,39014,1782932578,2026-07-01T19:02:58+00:00,2026-07-01T22:02:58+03:00,39015,9,win,0.20000000000000007,4.700000000000019,0.7499999999999956,1,1,0
162,last 5 digits have bin pattern 22001 for bins 0-2/3-5/6-9,40,39093,1782932657,2026-07-01T19:04:17+00:00,2026-07-01T22:04:17+03:00,39094,9,win,0.20000000000000007,4.900000000000019,0.5499999999999954,1,2,0
163,last 5 digits have bin pattern 22001 for bins 0-2/3-5/6-9,40,39385,1782932949,2026-07-01T19:09:09+00:00,2026-07-01T22:09:09+03:00,39386,2,loss,-0.35,4.550000000000019,0.899999999999995,3,0,1
164,last 5 digits have bin pattern 22001 for bins 0-2/3-5/6-9,40,39908,1782933472,2026-07-01T19:17:52+00:00,2026-07-01T22:17:52+03:00,39909,8,win,0.20000000000000007,4.7500000000000195,0.6999999999999948,1,1,0
165,last 5 digits have bin pattern 22001 for bins 0-2/3-5/6-9,41,40156,1782933720,2026-07-01T19:22:00+00:00,2026-07-01T22:22:00+03:00,40157,4,win,0.20000000000000007,4.95000000000002,0.49999999999999467,1,2,0
166,last 5 digits have bin pattern 22001 for bins 0-2/3-5/6-9,41,40536,1782934100,2026-07-01T19:28:20+00:00,2026-07-01T22:28:20+03:00,40537,5,win,0.20000000000000007,5.15000000000002,0.2999999999999945,1,3,0
167,last 5 digits have bin pattern 22001 for bins 0-2/3-5/6-9,41,40774,1782934338,2026-07-01T19:32:18+00:00,2026-07-01T22:32:18+03:00,40775,7,win,0.20000000000000007,5.35000000000002,0.09999999999999432,1,4,0
168,last 5 digits have bin pattern 22001 for bins 0-2/3-5/6-9,41,40854,1782934418,2026-07-01T19:33:38+00:00,2026-07-01T22:33:38+03:00,40855,2,loss,-0.35,5.00000000000002,0.44999999999999396,3,0,1
169,last 5 digits have bin pattern 22001 for bins 0-2/3-5/6-9,42,41642,1782935206,2026-07-01T19:46:46+00:00,2026-07-01T22:46:46+03:00,41643,7,win,0.20000000000000007,5.200000000000021,0.24999999999999378,1,1,0
170,last 5 digits have bin pattern 22001 for bins 0-2/3-5/6-9,42,41791,1782935355,2026-07-01T19:49:15+00:00,2026-07-01T22:49:15+03:00,41792,1,loss,-0.35,4.850000000000021,0.5999999999999934,3,0,1
171,last 5 digits have bin pattern 22001 for bins 0-2/3-5/6-9,43,42017,1782935581,2026-07-01T19:53:01+00:00,2026-07-01T22:53:01+03:00,42018,9,win,0.20000000000000007,5.050000000000021,0.39999999999999325,1,1,0
172,last 5 digits have bin pattern 22001 for bins 0-2/3-5/6-9,43,42275,1782935839,2026-07-01T19:57:19+00:00,2026-07-01T22:57:19+03:00,42276,4,win,0.20000000000000007,5.250000000000021,0.19999999999999307,1,2,0
173,last 5 digits have bin pattern 22001 for bins 0-2/3-5/6-9,43,42363,1782935927,2026-07-01T19:58:47+00:00,2026-07-01T22:58:47+03:00,42364,2,loss,-0.35,4.900000000000022,0.5499999999999927,3,0,1
174,last 5 digits have bin pattern 22001 for bins 0-2/3-5/6-9,43,42888,1782936452,2026-07-01T20:07:32+00:00,2026-07-01T23:07:32+03:00,42889,8,win,0.20000000000000007,5.100000000000022,0.34999999999999254,1,1,0
175,last 5 digits have bin pattern 22001 for bins 0-2/3-5/6-9,43,42915,1782936479,2026-07-01T20:07:59+00:00,2026-07-01T23:07:59+03:00,42916,6,win,0.20000000000000007,5.300000000000022,0.14999999999999236,1,2,0
176,last 5 digits have bin pattern 22001 for bins 0-2/3-5/6-9,43,42975,1782936539,2026-07-01T20:08:59+00:00,2026-07-01T23:08:59+03:00,42976,5,win,0.20000000000000007,5.500000000000022,0.0,1,3,0
177,last 5 digits have bin pattern 22001 for bins 0-2/3-5/6-9,44,43030,1782936594,2026-07-01T20:09:54+00:00,2026-07-01T23:09:54+03:00,43031,8,win,0.20000000000000007,5.700000000000022,0.0,1,4,0
178,last 5 digits have bin pattern 22001 for bins 0-2/3-5/6-9,44,43166,1782936730,2026-07-01T20:12:10+00:00,2026-07-01T23:12:10+03:00,43167,2,loss,-0.35,5.350000000000023,0.34999999999999964,3,0,1
179,last 5 digits have bin pattern 22001 for bins 0-2/3-5/6-9,44,43335,1782936899,2026-07-01T20:14:59+00:00,2026-07-01T23:14:59+03:00,43336,6,win,0.20000000000000007,5.550000000000023,0.14999999999999947,1,1,0
180,last 5 digits have bin pattern 22001 for bins 0-2/3-5/6-9,44,43904,1782937468,2026-07-01T20:24:28+00:00,2026-07-01T23:24:28+03:00,43905,2,loss,-0.35,5.200000000000023,0.4999999999999991,3,0,1
181,last 5 digits have bin pattern 22001 for bins 0-2/3-5/6-9,45,44112,1782937676,2026-07-01T20:27:56+00:00,2026-07-01T23:27:56+03:00,44113,3,loss,-0.35,4.850000000000024,0.8499999999999988,3,0,2
182,last 5 digits have bin pattern 22001 for bins 0-2/3-5/6-9,45,44489,1782938053,2026-07-01T20:34:13+00:00,2026-07-01T23:34:13+03:00,44490,9,win,0.20000000000000007,5.050000000000024,0.6499999999999986,1,1,0
183,last 5 digits have bin pattern 22001 for bins 0-2/3-5/6-9,45,44528,1782938092,2026-07-01T20:34:52+00:00,2026-07-01T23:34:52+03:00,44529,6,win,0.20000000000000007,5.250000000000024,0.4499999999999984,1,2,0
184,last 5 digits have bin pattern 22001 for bins 0-2/3-5/6-9,45,44559,1782938123,2026-07-01T20:35:23+00:00,2026-07-01T23:35:23+03:00,44560,6,win,0.20000000000000007,5.450000000000024,0.24999999999999822,1,3,0
185,last 5 digits have bin pattern 22001 for bins 0-2/3-5/6-9,46,45276,1782938840,2026-07-01T20:47:20+00:00,2026-07-01T23:47:20+03:00,45277,3,loss,-0.35,5.1000000000000245,0.5999999999999979,3,0,1
186,last 5 digits have bin pattern 22001 for bins 0-2/3-5/6-9,46,45332,1782938896,2026-07-01T20:48:16+00:00,2026-07-01T23:48:16+03:00,45333,7,win,0.20000000000000007,5.300000000000025,0.3999999999999977,1,1,0
187,last 5 digits have bin pattern 22001 for bins 0-2/3-5/6-9,46,45512,1782939076,2026-07-01T20:51:16+00:00,2026-07-01T23:51:16+03:00,45513,7,win,0.20000000000000007,5.500000000000025,0.1999999999999975,1,2,0
188,last 5 digits have bin pattern 22001 for bins 0-2/3-5/6-9,47,46322,1782939886,2026-07-01T21:04:46+00:00,2026-07-02T00:04:46+03:00,46323,6,win,0.20000000000000007,5.700000000000025,0.0,1,3,0
189,last 5 digits have bin pattern 22001 for bins 0-2/3-5/6-9,47,46505,1782940069,2026-07-01T21:07:49+00:00,2026-07-02T00:07:49+03:00,46506,7,win,0.20000000000000007,5.900000000000025,0.0,1,4,0
190,last 5 digits have bin pattern 22001 for bins 0-2/3-5/6-9,47,46755,1782940319,2026-07-01T21:11:59+00:00,2026-07-02T00:11:59+03:00,46756,8,win,0.20000000000000007,6.100000000000025,0.0,1,5,0
191,last 5 digits have bin pattern 22001 for bins 0-2/3-5/6-9,47,46947,1782940511,2026-07-01T21:15:11+00:00,2026-07-02T00:15:11+03:00,46948,0,loss,-0.35,5.750000000000026,0.34999999999999964,3,0,1
192,last 5 digits have bin pattern 22001 for bins 0-2/3-5/6-9,47,46984,1782940548,2026-07-01T21:15:48+00:00,2026-07-02T00:15:48+03:00,46985,2,loss,-0.35,5.400000000000026,0.6999999999999993,3,0,2
193,last 5 digits have bin pattern 22001 for bins 0-2/3-5/6-9,48,47047,1782940611,2026-07-01T21:16:51+00:00,2026-07-02T00:16:51+03:00,47048,9,win,0.20000000000000007,5.600000000000026,0.4999999999999991,1,1,0
194,last 5 digits have bin pattern 22001 for bins 0-2/3-5/6-9,48,47099,1782940663,2026-07-01T21:17:43+00:00,2026-07-02T00:17:43+03:00,47100,2,loss,-0.35,5.250000000000027,0.8499999999999988,3,0,1
195,last 5 digits have bin pattern 22001 for bins 0-2/3-5/6-9,48,47191,1782940755,2026-07-01T21:19:15+00:00,2026-07-02T00:19:15+03:00,47192,8,win,0.20000000000000007,5.450000000000027,0.6499999999999986,1,1,0
196,last 5 digits have bin pattern 22001 for bins 0-2/3-5/6-9,48,47217,1782940781,2026-07-01T21:19:41+00:00,2026-07-02T00:19:41+03:00,47218,4,win,0.20000000000000007,5.650000000000027,0.4499999999999984,1,2,0
197,last 5 digits have bin pattern 22001 for bins 0-2/3-5/6-9,48,47570,1782941134,2026-07-01T21:25:34+00:00,2026-07-02T00:25:34+03:00,47571,8,win,0.20000000000000007,5.850000000000027,0.24999999999999822,1,3,0
198,last 5 digits have bin pattern 22001 for bins 0-2/3-5/6-9,48,47738,1782941302,2026-07-01T21:28:22+00:00,2026-07-02T00:28:22+03:00,47739,5,win,0.20000000000000007,6.050000000000027,0.049999999999998046,1,4,0
199,last 5 digits have bin pattern 22001 for bins 0-2/3-5/6-9,49,48634,1782942198,2026-07-01T21:43:18+00:00,2026-07-02T00:43:18+03:00,48635,4,win,0.20000000000000007,6.2500000000000275,0.0,1,5,0
200,last 5 digits have bin pattern 22001 for bins 0-2/3-5/6-9,49,48797,1782942361,2026-07-01T21:46:01+00:00,2026-07-02T00:46:01+03:00,48798,9,win,0.20000000000000007,6.450000000000028,0.0,1,6,0
201,last 5 digits have bin pattern 22001 for bins 0-2/3-5/6-9,49,48928,1782942492,2026-07-01T21:48:12+00:00,2026-07-02T00:48:12+03:00,48929,8,win,0.20000000000000007,6.650000000000028,0.0,1,7,0
202,last 5 digits have bin pattern 22001 for bins 0-2/3-5/6-9,50,49095,1782942659,2026-07-01T21:50:59+00:00,2026-07-02T00:50:59+03:00,49096,1,loss,-0.35,6.300000000000028,0.34999999999999964,3,0,1
203,last 5 digits have bin pattern 22001 for bins 0-2/3-5/6-9,50,49263,1782942827,2026-07-01T21:53:47+00:00,2026-07-02T00:53:47+03:00,49264,3,loss,-0.35,5.950000000000029,0.6999999999999993,3,0,2
204,last 5 digits have bin pattern 22001 for bins 0-2/3-5/6-9,50,49514,1782943078,2026-07-01T21:57:58+00:00,2026-07-02T00:57:58+03:00,49515,9,win,0.20000000000000007,6.150000000000029,0.4999999999999991,1,1,0
205,last 5 digits have bin pattern 22001 for bins 0-2/3-5/6-9,50,49612,1782943176,2026-07-01T21:59:36+00:00,2026-07-02T00:59:36+03:00,49613,3,loss,-0.35,5.800000000000029,0.8499999999999988,3,0,1
206,last 5 digits have bin pattern 22001 for bins 0-2/3-5/6-9,50,49720,1782943284,2026-07-01T22:01:24+00:00,2026-07-02T01:01:24+03:00,49721,5,win,0.20000000000000007,6.000000000000029,0.6499999999999986,1,1,0
207,last 5 digits have bin pattern 22001 for bins 0-2/3-5/6-9,50,49908,1782943472,2026-07-01T22:04:32+00:00,2026-07-02T01:04:32+03:00,49909,5,win,0.20000000000000007,6.2000000000000295,0.4499999999999984,1,2,0
208,last 5 digits have bin pattern 22001 for bins 0-2/3-5/6-9,50,49968,1782943532,2026-07-01T22:05:32+00:00,2026-07-02T01:05:32+03:00,49969,0,loss,-0.35,5.85000000000003,0.799999999999998,3,0,1
209,last 5 digits have bin pattern 22001 for bins 0-2/3-5/6-9,51,50118,1782943682,2026-07-01T22:08:02+00:00,2026-07-02T01:08:02+03:00,50119,9,win,0.20000000000000007,6.05000000000003,0.5999999999999979,1,1,0
210,last 5 digits have bin pattern 22001 for bins 0-2/3-5/6-9,51,50136,1782943700,2026-07-01T22:08:20+00:00,2026-07-02T01:08:20+03:00,50137,5,win,0.20000000000000007,6.25000000000003,0.3999999999999977,1,2,0
211,last 5 digits have bin pattern 22001 for bins 0-2/3-5/6-9,51,50250,1782943814,2026-07-01T22:10:14+00:00,2026-07-02T01:10:14+03:00,50251,8,win,0.20000000000000007,6.45000000000003,0.1999999999999975,1,3,0
212,last 5 digits have bin pattern 22001 for bins 0-2/3-5/6-9,51,50311,1782943875,2026-07-01T22:11:15+00:00,2026-07-02T01:11:15+03:00,50312,9,win,0.20000000000000007,6.6500000000000306,0.0,1,4,0
213,last 5 digits have bin pattern 22001 for bins 0-2/3-5/6-9,52,51337,1782944901,2026-07-01T22:28:21+00:00,2026-07-02T01:28:21+03:00,51338,9,win,0.20000000000000007,6.850000000000031,0.0,1,5,0
214,last 5 digits have bin pattern 22001 for bins 0-2/3-5/6-9,52,51355,1782944919,2026-07-01T22:28:39+00:00,2026-07-02T01:28:39+03:00,51356,3,loss,-0.35,6.500000000000031,0.34999999999999964,3,0,1
215,last 5 digits have bin pattern 22001 for bins 0-2/3-5/6-9,52,51369,1782944933,2026-07-01T22:28:53+00:00,2026-07-02T01:28:53+03:00,51370,0,loss,-0.35,6.150000000000031,0.6999999999999993,3,0,2
216,last 5 digits have bin pattern 22001 for bins 0-2/3-5/6-9,52,51377,1782944941,2026-07-01T22:29:01+00:00,2026-07-02T01:29:01+03:00,51378,9,win,0.20000000000000007,6.350000000000032,0.4999999999999991,1,1,0
217,last 5 digits have bin pattern 22001 for bins 0-2/3-5/6-9,52,51804,1782945368,2026-07-01T22:36:08+00:00,2026-07-02T01:36:08+03:00,51805,6,win,0.20000000000000007,6.550000000000032,0.29999999999999893,1,2,0
218,last 5 digits have bin pattern 22001 for bins 0-2/3-5/6-9,52,51861,1782945425,2026-07-01T22:37:05+00:00,2026-07-02T01:37:05+03:00,51862,6,win,0.20000000000000007,6.750000000000032,0.09999999999999876,1,3,0
219,last 5 digits have bin pattern 22001 for bins 0-2/3-5/6-9,52,51883,1782945447,2026-07-01T22:37:27+00:00,2026-07-02T01:37:27+03:00,51884,7,win,0.20000000000000007,6.950000000000032,0.0,1,4,0
220,last 5 digits have bin pattern 22001 for bins 0-2/3-5/6-9,53,52219,1782945783,2026-07-01T22:43:03+00:00,2026-07-02T01:43:03+03:00,52220,9,win,0.20000000000000007,7.150000000000032,0.0,1,5,0
221,last 5 digits have bin pattern 22001 for bins 0-2/3-5/6-9,53,52294,1782945858,2026-07-01T22:44:18+00:00,2026-07-02T01:44:18+03:00,52295,4,win,0.20000000000000007,7.3500000000000325,0.0,1,6,0
222,last 5 digits have bin pattern 22001 for bins 0-2/3-5/6-9,53,52683,1782946247,2026-07-01T22:50:47+00:00,2026-07-02T01:50:47+03:00,52684,4,win,0.20000000000000007,7.550000000000033,0.0,1,7,0
223,last 5 digits have bin pattern 22001 for bins 0-2/3-5/6-9,53,52879,1782946443,2026-07-01T22:54:03+00:00,2026-07-02T01:54:03+03:00,52880,5,win,0.20000000000000007,7.750000000000033,0.0,1,8,0
224,last 5 digits have bin pattern 22001 for bins 0-2/3-5/6-9,54,53295,1782946859,2026-07-01T23:00:59+00:00,2026-07-02T02:00:59+03:00,53296,5,win,0.20000000000000007,7.950000000000033,0.0,1,9,0
225,last 5 digits have bin pattern 22001 for bins 0-2/3-5/6-9,55,54456,1782948020,2026-07-01T23:20:20+00:00,2026-07-02T02:20:20+03:00,54457,2,loss,-0.35,7.600000000000033,0.34999999999999964,3,0,1
226,last 5 digits have bin pattern 22001 for bins 0-2/3-5/6-9,55,54555,1782948119,2026-07-01T23:21:59+00:00,2026-07-02T02:21:59+03:00,54556,9,win,0.20000000000000007,7.800000000000034,0.14999999999999947,1,1,0
227,last 5 digits have bin pattern 22001 for bins 0-2/3-5/6-9,55,54618,1782948182,2026-07-01T23:23:02+00:00,2026-07-02T02:23:02+03:00,54619,3,loss,-0.35,7.450000000000034,0.4999999999999991,3,0,1
228,last 5 digits have bin pattern 22001 for bins 0-2/3-5/6-9,56,55283,1782948847,2026-07-01T23:34:07+00:00,2026-07-02T02:34:07+03:00,55284,6,win,0.20000000000000007,7.650000000000034,0.29999999999999893,1,1,0
229,last 5 digits have bin pattern 22001 for bins 0-2/3-5/6-9,56,55629,1782949193,2026-07-01T23:39:53+00:00,2026-07-02T02:39:53+03:00,55630,5,win,0.20000000000000007,7.850000000000034,0.09999999999999876,1,2,0
230,last 5 digits have bin pattern 22001 for bins 0-2/3-5/6-9,56,55710,1782949274,2026-07-01T23:41:14+00:00,2026-07-02T02:41:14+03:00,55711,5,win,0.20000000000000007,8.050000000000034,0.0,1,3,0
231,last 5 digits have bin pattern 22001 for bins 0-2/3-5/6-9,57,56069,1782949633,2026-07-01T23:47:13+00:00,2026-07-02T02:47:13+03:00,56070,5,win,0.20000000000000007,8.250000000000034,0.0,1,4,0
232,last 5 digits have bin pattern 22001 for bins 0-2/3-5/6-9,57,56400,1782949964,2026-07-01T23:52:44+00:00,2026-07-02T02:52:44+03:00,56401,9,win,0.20000000000000007,8.450000000000033,0.0,1,5,0
233,last 5 digits have bin pattern 22001 for bins 0-2/3-5/6-9,57,56566,1782950130,2026-07-01T23:55:30+00:00,2026-07-02T02:55:30+03:00,56567,9,win,0.20000000000000007,8.650000000000032,0.0,1,6,0
234,last 5 digits have bin pattern 22001 for bins 0-2/3-5/6-9,58,57261,1782950825,2026-07-02T00:07:05+00:00,2026-07-02T03:07:05+03:00,57262,1,loss,-0.35,8.300000000000033,0.34999999999999964,3,0,1
235,last 5 digits have bin pattern 22001 for bins 0-2/3-5/6-9,59,58001,1782951565,2026-07-02T00:19:25+00:00,2026-07-02T03:19:25+03:00,58002,3,loss,-0.35,7.950000000000033,0.6999999999999993,3,0,2
236,last 5 digits have bin pattern 22001 for bins 0-2/3-5/6-9,59,58067,1782951631,2026-07-02T00:20:31+00:00,2026-07-02T03:20:31+03:00,58068,7,win,0.20000000000000007,8.150000000000032,0.5,1,1,0
237,last 5 digits have bin pattern 22001 for bins 0-2/3-5/6-9,59,58099,1782951663,2026-07-02T00:21:03+00:00,2026-07-02T03:21:03+03:00,58100,1,loss,-0.35,7.800000000000033,0.8499999999999996,3,0,1
238,last 5 digits have bin pattern 22001 for bins 0-2/3-5/6-9,59,58221,1782951785,2026-07-02T00:23:05+00:00,2026-07-02T03:23:05+03:00,58222,8,win,0.20000000000000007,8.000000000000032,0.6500000000000004,1,1,0
239,last 5 digits have bin pattern 22001 for bins 0-2/3-5/6-9,59,58529,1782952093,2026-07-02T00:28:13+00:00,2026-07-02T03:28:13+03:00,58530,5,win,0.20000000000000007,8.200000000000031,0.45000000000000107,1,2,0
240,last 5 digits have bin pattern 22001 for bins 0-2/3-5/6-9,59,58607,1782952171,2026-07-02T00:29:31+00:00,2026-07-02T03:29:31+03:00,58608,1,loss,-0.35,7.850000000000032,0.8000000000000007,3,0,1
241,last 5 digits have bin pattern 22001 for bins 0-2/3-5/6-9,59,58921,1782952485,2026-07-02T00:34:45+00:00,2026-07-02T03:34:45+03:00,58922,5,win,0.20000000000000007,8.050000000000031,0.6000000000000014,1,1,0
242,last 5 digits have bin pattern 22001 for bins 0-2/3-5/6-9,60,59267,1782952831,2026-07-02T00:40:31+00:00,2026-07-02T03:40:31+03:00,59268,6,win,0.20000000000000007,8.25000000000003,0.40000000000000213,1,2,0
243,last 5 digits have bin pattern 22001 for bins 0-2/3-5/6-9,60,59272,1782952836,2026-07-02T00:40:36+00:00,2026-07-02T03:40:36+03:00,59273,4,win,0.20000000000000007,8.45000000000003,0.20000000000000284,1,3,0
244,last 5 digits have bin pattern 22001 for bins 0-2/3-5/6-9,60,59724,1782953288,2026-07-02T00:48:08+00:00,2026-07-02T03:48:08+03:00,59725,5,win,0.20000000000000007,8.650000000000029,3.552713678800501e-15,1,4,0
245,last 5 digits have bin pattern 22001 for bins 0-2/3-5/6-9,60,59967,1782953531,2026-07-02T00:52:11+00:00,2026-07-02T03:52:11+03:00,59968,1,loss,-0.35,8.30000000000003,0.3500000000000032,3,0,1
246,last 5 digits have bin pattern 22001 for bins 0-2/3-5/6-9,60,59977,1782953541,2026-07-02T00:52:21+00:00,2026-07-02T03:52:21+03:00,59978,6,win,0.20000000000000007,8.500000000000028,0.1500000000000039,1,1,0
247,last 5 digits have bin pattern 22001 for bins 0-2/3-5/6-9,61,60034,1782953598,2026-07-02T00:53:18+00:00,2026-07-02T03:53:18+03:00,60035,9,win,0.20000000000000007,8.700000000000028,0.0,1,2,0
248,last 5 digits have bin pattern 22001 for bins 0-2/3-5/6-9,61,60142,1782953706,2026-07-02T00:55:06+00:00,2026-07-02T03:55:06+03:00,60143,1,loss,-0.35,8.350000000000028,0.34999999999999964,3,0,1
249,last 5 digits have bin pattern 22001 for bins 0-2/3-5/6-9,61,60420,1782953984,2026-07-02T00:59:44+00:00,2026-07-02T03:59:44+03:00,60421,7,win,0.20000000000000007,8.550000000000027,0.15000000000000036,1,1,0
250,last 5 digits have bin pattern 22001 for bins 0-2/3-5/6-9,61,60457,1782954021,2026-07-02T01:00:21+00:00,2026-07-02T04:00:21+03:00,60458,1,loss,-0.35,8.200000000000028,0.5,3,0,1
251,last 5 digits have bin pattern 22001 for bins 0-2/3-5/6-9,61,60632,1782954196,2026-07-02T01:03:16+00:00,2026-07-02T04:03:16+03:00,60633,6,win,0.20000000000000007,8.400000000000027,0.3000000000000007,1,1,0
252,last 5 digits have bin pattern 22001 for bins 0-2/3-5/6-9,61,60697,1782954261,2026-07-02T01:04:21+00:00,2026-07-02T04:04:21+03:00,60698,4,win,0.20000000000000007,8.600000000000026,0.10000000000000142,1,2,0
253,last 5 digits have bin pattern 22001 for bins 0-2/3-5/6-9,61,60791,1782954355,2026-07-02T01:05:55+00:00,2026-07-02T04:05:55+03:00,60792,3,loss,-0.35,8.250000000000027,0.45000000000000107,3,0,1
254,last 5 digits have bin pattern 22001 for bins 0-2/3-5/6-9,61,60807,1782954371,2026-07-02T01:06:11+00:00,2026-07-02T04:06:11+03:00,60808,9,win,0.20000000000000007,8.450000000000026,0.2500000000000018,1,1,0
255,last 5 digits have bin pattern 22001 for bins 0-2/3-5/6-9,62,61028,1782954592,2026-07-02T01:09:52+00:00,2026-07-02T04:09:52+03:00,61029,9,win,0.20000000000000007,8.650000000000025,0.05000000000000249,1,2,0
256,last 5 digits have bin pattern 22001 for bins 0-2/3-5/6-9,62,61190,1782954754,2026-07-02T01:12:34+00:00,2026-07-02T04:12:34+03:00,61191,7,win,0.20000000000000007,8.850000000000025,0.0,1,3,0
257,last 5 digits have bin pattern 22001 for bins 0-2/3-5/6-9,62,61295,1782954859,2026-07-02T01:14:19+00:00,2026-07-02T04:14:19+03:00,61296,8,win,0.20000000000000007,9.050000000000024,0.0,1,4,0
258,last 5 digits have bin pattern 22001 for bins 0-2/3-5/6-9,62,61527,1782955091,2026-07-02T01:18:11+00:00,2026-07-02T04:18:11+03:00,61528,5,win,0.20000000000000007,9.250000000000023,0.0,1,5,0
259,last 5 digits have bin pattern 22001 for bins 0-2/3-5/6-9,62,61598,1782955162,2026-07-02T01:19:22+00:00,2026-07-02T04:19:22+03:00,61599,2,loss,-0.35,8.900000000000023,0.34999999999999964,3,0,1
260,last 5 digits have bin pattern 22001 for bins 0-2/3-5/6-9,62,61766,1782955330,2026-07-02T01:22:10+00:00,2026-07-02T04:22:10+03:00,61767,4,win,0.20000000000000007,9.100000000000023,0.15000000000000036,1,1,0
261,last 5 digits have bin pattern 22001 for bins 0-2/3-5/6-9,62,61918,1782955482,2026-07-02T01:24:42+00:00,2026-07-02T04:24:42+03:00,61919,7,win,0.20000000000000007,9.300000000000022,0.0,1,2,0
262,last 5 digits have bin pattern 22001 for bins 0-2/3-5/6-9,63,62165,1782955729,2026-07-02T01:28:49+00:00,2026-07-02T04:28:49+03:00,62166,6,win,0.20000000000000007,9.500000000000021,0.0,1,3,0
263,last 5 digits have bin pattern 22001 for bins 0-2/3-5/6-9,63,62255,1782955819,2026-07-02T01:30:19+00:00,2026-07-02T04:30:19+03:00,62256,5,win,0.20000000000000007,9.70000000000002,0.0,1,4,0
264,last 5 digits have bin pattern 22001 for bins 0-2/3-5/6-9,64,63338,1782956902,2026-07-02T01:48:22+00:00,2026-07-02T04:48:22+03:00,63339,4,win,0.20000000000000007,9.90000000000002,0.0,1,5,0
265,last 5 digits have bin pattern 22001 for bins 0-2/3-5/6-9,64,63551,1782957115,2026-07-02T01:51:55+00:00,2026-07-02T04:51:55+03:00,63552,3,loss,-0.35,9.55000000000002,0.34999999999999964,3,0,1
266,last 5 digits have bin pattern 22001 for bins 0-2/3-5/6-9,65,64612,1782958176,2026-07-02T02:09:36+00:00,2026-07-02T05:09:36+03:00,64613,7,win,0.20000000000000007,9.75000000000002,0.15000000000000036,1,1,0
267,last 5 digits have bin pattern 22001 for bins 0-2/3-5/6-9,65,64727,1782958291,2026-07-02T02:11:31+00:00,2026-07-02T05:11:31+03:00,64728,6,win,0.20000000000000007,9.950000000000019,0.0,1,2,0
268,last 5 digits have bin pattern 22001 for bins 0-2/3-5/6-9,65,64778,1782958342,2026-07-02T02:12:22+00:00,2026-07-02T05:12:22+03:00,64779,4,win,0.20000000000000007,10.150000000000018,0.0,1,3,0
269,last 5 digits have bin pattern 22001 for bins 0-2/3-5/6-9,66,65028,1782958592,2026-07-02T02:16:32+00:00,2026-07-02T05:16:32+03:00,65029,8,win,0.20000000000000007,10.350000000000017,0.0,1,4,0
270,last 5 digits have bin pattern 22001 for bins 0-2/3-5/6-9,66,65375,1782958939,2026-07-02T02:22:19+00:00,2026-07-02T05:22:19+03:00,65376,3,loss,-0.35,10.000000000000018,0.34999999999999964,3,0,1
271,last 5 digits have bin pattern 22001 for bins 0-2/3-5/6-9,66,65794,1782959358,2026-07-02T02:29:18+00:00,2026-07-02T05:29:18+03:00,65795,9,win,0.20000000000000007,10.200000000000017,0.15000000000000036,1,1,0
272,last 5 digits have bin pattern 22001 for bins 0-2/3-5/6-9,66,65895,1782959459,2026-07-02T02:30:59+00:00,2026-07-02T05:30:59+03:00,65896,1,loss,-0.35,9.850000000000017,0.5,3,0,1
273,last 5 digits have bin pattern 22001 for bins 0-2/3-5/6-9,66,65961,1782959525,2026-07-02T02:32:05+00:00,2026-07-02T05:32:05+03:00,65962,4,win,0.20000000000000007,10.050000000000017,0.3000000000000007,1,1,0
274,last 5 digits have bin pattern 22001 for bins 0-2/3-5/6-9,66,65991,1782959555,2026-07-02T02:32:35+00:00,2026-07-02T05:32:35+03:00,65992,8,win,0.20000000000000007,10.250000000000016,0.10000000000000142,1,2,0
275,last 5 digits have bin pattern 22001 for bins 0-2/3-5/6-9,66,65996,1782959560,2026-07-02T02:32:40+00:00,2026-07-02T05:32:40+03:00,65997,9,win,0.20000000000000007,10.450000000000015,0.0,1,3,0
276,last 5 digits have bin pattern 22001 for bins 0-2/3-5/6-9,67,66061,1782959625,2026-07-02T02:33:45+00:00,2026-07-02T05:33:45+03:00,66062,3,loss,-0.35,10.100000000000016,0.34999999999999964,3,0,1
277,last 5 digits have bin pattern 22001 for bins 0-2/3-5/6-9,67,66258,1782959822,2026-07-02T02:37:02+00:00,2026-07-02T05:37:02+03:00,66259,4,win,0.20000000000000007,10.300000000000015,0.15000000000000036,1,1,0
278,last 5 digits have bin pattern 22001 for bins 0-2/3-5/6-9,67,66452,1782960016,2026-07-02T02:40:16+00:00,2026-07-02T05:40:16+03:00,66453,6,win,0.20000000000000007,10.500000000000014,0.0,1,2,0
279,last 5 digits have bin pattern 22001 for bins 0-2/3-5/6-9,67,66530,1782960094,2026-07-02T02:41:34+00:00,2026-07-02T05:41:34+03:00,66531,2,loss,-0.35,10.150000000000015,0.34999999999999964,3,0,1
280,last 5 digits have bin pattern 22001 for bins 0-2/3-5/6-9,68,67108,1782960672,2026-07-02T02:51:12+00:00,2026-07-02T05:51:12+03:00,67109,1,loss,-0.35,9.800000000000015,0.6999999999999993,3,0,2
281,last 5 digits have bin pattern 22001 for bins 0-2/3-5/6-9,68,67453,1782961017,2026-07-02T02:56:57+00:00,2026-07-02T05:56:57+03:00,67454,6,win,0.20000000000000007,10.000000000000014,0.5,1,1,0
282,last 5 digits have bin pattern 22001 for bins 0-2/3-5/6-9,68,67559,1782961123,2026-07-02T02:58:43+00:00,2026-07-02T05:58:43+03:00,67560,0,loss,-0.35,9.650000000000015,0.8499999999999996,3,0,1
283,last 5 digits have bin pattern 22001 for bins 0-2/3-5/6-9,69,68069,1782961633,2026-07-02T03:07:13+00:00,2026-07-02T06:07:13+03:00,68070,4,win,0.20000000000000007,9.850000000000014,0.6500000000000004,1,1,0
284,last 5 digits have bin pattern 22001 for bins 0-2/3-5/6-9,69,68131,1782961695,2026-07-02T03:08:15+00:00,2026-07-02T06:08:15+03:00,68132,3,loss,-0.35,9.500000000000014,1.0,3,0,1
285,last 5 digits have bin pattern 22001 for bins 0-2/3-5/6-9,69,68594,1782962158,2026-07-02T03:15:58+00:00,2026-07-02T06:15:58+03:00,68595,7,win,0.20000000000000007,9.700000000000014,0.8000000000000007,1,1,0
286,last 5 digits have bin pattern 22001 for bins 0-2/3-5/6-9,69,68730,1782962294,2026-07-02T03:18:14+00:00,2026-07-02T06:18:14+03:00,68731,5,win,0.20000000000000007,9.900000000000013,0.6000000000000014,1,2,0
287,last 5 digits have bin pattern 22001 for bins 0-2/3-5/6-9,69,68813,1782962377,2026-07-02T03:19:37+00:00,2026-07-02T06:19:37+03:00,68814,3,loss,-0.35,9.550000000000013,0.9500000000000011,3,0,1
288,last 5 digits have bin pattern 22001 for bins 0-2/3-5/6-9,69,68959,1782962523,2026-07-02T03:22:03+00:00,2026-07-02T06:22:03+03:00,68960,0,loss,-0.35,9.200000000000014,1.3000000000000007,3,0,2
289,last 5 digits have bin pattern 22001 for bins 0-2/3-5/6-9,69,68968,1782962532,2026-07-02T03:22:12+00:00,2026-07-02T06:22:12+03:00,68969,7,win,0.20000000000000007,9.400000000000013,1.1000000000000014,1,1,0
290,last 5 digits have bin pattern 22001 for bins 0-2/3-5/6-9,70,69026,1782962590,2026-07-02T03:23:10+00:00,2026-07-02T06:23:10+03:00,69027,4,win,0.20000000000000007,9.600000000000012,0.9000000000000021,1,2,0
291,last 5 digits have bin pattern 22001 for bins 0-2/3-5/6-9,70,69154,1782962718,2026-07-02T03:25:18+00:00,2026-07-02T06:25:18+03:00,69155,0,loss,-0.35,9.250000000000012,1.2500000000000018,3,0,1
292,last 5 digits have bin pattern 22001 for bins 0-2/3-5/6-9,70,69240,1782962804,2026-07-02T03:26:44+00:00,2026-07-02T06:26:44+03:00,69241,7,win,0.20000000000000007,9.450000000000012,1.0500000000000025,1,1,0
293,last 5 digits have bin pattern 22001 for bins 0-2/3-5/6-9,70,69458,1782963022,2026-07-02T03:30:22+00:00,2026-07-02T06:30:22+03:00,69459,3,loss,-0.35,9.100000000000012,1.4000000000000021,3,0,1
294,last 5 digits have bin pattern 22001 for bins 0-2/3-5/6-9,71,70656,1782964220,2026-07-02T03:50:20+00:00,2026-07-02T06:50:20+03:00,70657,8,win,0.20000000000000007,9.300000000000011,1.2000000000000028,1,1,0
295,last 5 digits have bin pattern 22001 for bins 0-2/3-5/6-9,71,70890,1782964454,2026-07-02T03:54:14+00:00,2026-07-02T06:54:14+03:00,70891,5,win,0.20000000000000007,9.50000000000001,1.0000000000000036,1,2,0
296,last 5 digits have bin pattern 22001 for bins 0-2/3-5/6-9,71,70924,1782964488,2026-07-02T03:54:48+00:00,2026-07-02T06:54:48+03:00,70925,6,win,0.20000000000000007,9.70000000000001,0.8000000000000043,1,3,0
297,last 5 digits have bin pattern 22001 for bins 0-2/3-5/6-9,72,71438,1782965002,2026-07-02T04:03:22+00:00,2026-07-02T07:03:22+03:00,71439,6,win,0.20000000000000007,9.90000000000001,0.600000000000005,1,4,0
298,last 5 digits have bin pattern 22001 for bins 0-2/3-5/6-9,72,71567,1782965131,2026-07-02T04:05:31+00:00,2026-07-02T07:05:31+03:00,71568,1,loss,-0.35,9.55000000000001,0.9500000000000046,3,0,1
299,last 5 digits have bin pattern 22001 for bins 0-2/3-5/6-9,72,71676,1782965240,2026-07-02T04:07:20+00:00,2026-07-02T07:07:20+03:00,71677,5,win,0.20000000000000007,9.750000000000009,0.7500000000000053,1,1,0
300,last 5 digits have bin pattern 22001 for bins 0-2/3-5/6-9,72,71866,1782965430,2026-07-02T04:10:30+00:00,2026-07-02T07:10:30+03:00,71867,9,win,0.20000000000000007,9.950000000000008,0.550000000000006,1,2,0
301,last 5 digits have bin pattern 22001 for bins 0-2/3-5/6-9,73,72333,1782965897,2026-07-02T04:18:17+00:00,2026-07-02T07:18:17+03:00,72334,5,win,0.20000000000000007,10.150000000000007,0.35000000000000675,1,3,0
302,last 5 digits have bin pattern 22001 for bins 0-2/3-5/6-9,73,72396,1782965960,2026-07-02T04:19:20+00:00,2026-07-02T07:19:20+03:00,72397,6,win,0.20000000000000007,10.350000000000007,0.15000000000000746,1,4,0
303,last 5 digits have bin pattern 22001 for bins 0-2/3-5/6-9,73,72600,1782966164,2026-07-02T04:22:44+00:00,2026-07-02T07:22:44+03:00,72601,8,win,0.20000000000000007,10.550000000000006,0.0,1,5,0
304,last 5 digits have bin pattern 22001 for bins 0-2/3-5/6-9,73,72637,1782966201,2026-07-02T04:23:21+00:00,2026-07-02T07:23:21+03:00,72638,9,win,0.20000000000000007,10.750000000000005,0.0,1,6,0
305,last 5 digits have bin pattern 22001 for bins 0-2/3-5/6-9,73,72797,1782966361,2026-07-02T04:26:01+00:00,2026-07-02T07:26:01+03:00,72798,5,win,0.20000000000000007,10.950000000000005,0.0,1,7,0
306,last 5 digits have bin pattern 22001 for bins 0-2/3-5/6-9,73,72857,1782966421,2026-07-02T04:27:01+00:00,2026-07-02T07:27:01+03:00,72858,3,loss,-0.35,10.600000000000005,0.34999999999999964,3,0,1
307,last 5 digits have bin pattern 22001 for bins 0-2/3-5/6-9,74,73075,1782966639,2026-07-02T04:30:39+00:00,2026-07-02T07:30:39+03:00,73076,8,win,0.20000000000000007,10.800000000000004,0.15000000000000036,1,1,0
308,last 5 digits have bin pattern 22001 for bins 0-2/3-5/6-9,74,73099,1782966663,2026-07-02T04:31:03+00:00,2026-07-02T07:31:03+03:00,73100,8,win,0.20000000000000007,11.000000000000004,0.0,1,2,0
309,last 5 digits have bin pattern 22001 for bins 0-2/3-5/6-9,74,73195,1782966759,2026-07-02T04:32:39+00:00,2026-07-02T07:32:39+03:00,73196,6,win,0.20000000000000007,11.200000000000003,0.0,1,3,0
310,last 5 digits have bin pattern 22001 for bins 0-2/3-5/6-9,74,73390,1782966954,2026-07-02T04:35:54+00:00,2026-07-02T07:35:54+03:00,73391,2,loss,-0.35,10.850000000000003,0.34999999999999964,3,0,1
311,last 5 digits have bin pattern 22001 for bins 0-2/3-5/6-9,74,73834,1782967398,2026-07-02T04:43:18+00:00,2026-07-02T07:43:18+03:00,73835,8,win,0.20000000000000007,11.050000000000002,0.15000000000000036,1,1,0
312,last 5 digits have bin pattern 22001 for bins 0-2/3-5/6-9,74,73999,1782967563,2026-07-02T04:46:03+00:00,2026-07-02T07:46:03+03:00,74000,7,win,0.20000000000000007,11.250000000000002,0.0,1,2,0
313,last 5 digits have bin pattern 22001 for bins 0-2/3-5/6-9,75,74035,1782967599,2026-07-02T04:46:39+00:00,2026-07-02T07:46:39+03:00,74036,7,win,0.20000000000000007,11.450000000000001,0.0,1,3,0
314,last 5 digits have bin pattern 22001 for bins 0-2/3-5/6-9,75,74165,1782967729,2026-07-02T04:48:49+00:00,2026-07-02T07:48:49+03:00,74166,6,win,0.20000000000000007,11.65,0.0,1,4,0
315,last 5 digits have bin pattern 22001 for bins 0-2/3-5/6-9,75,74277,1782967841,2026-07-02T04:50:41+00:00,2026-07-02T07:50:41+03:00,74278,3,loss,-0.35,11.3,0.34999999999999964,3,0,1
316,last 5 digits have bin pattern 22001 for bins 0-2/3-5/6-9,75,74550,1782968114,2026-07-02T04:55:14+00:00,2026-07-02T07:55:14+03:00,74551,7,win,0.20000000000000007,11.5,0.15000000000000036,1,1,0
317,last 5 digits have bin pattern 22001 for bins 0-2/3-5/6-9,75,74684,1782968248,2026-07-02T04:57:28+00:00,2026-07-02T07:57:28+03:00,74685,3,loss,-0.35,11.15,0.5,3,0,1
318,last 5 digits have bin pattern 22001 for bins 0-2/3-5/6-9,75,74946,1782968510,2026-07-02T05:01:50+00:00,2026-07-02T08:01:50+03:00,74947,2,loss,-0.35,10.8,0.8499999999999996,3,0,2
319,last 5 digits have bin pattern 22001 for bins 0-2/3-5/6-9,76,75403,1782968967,2026-07-02T05:09:27+00:00,2026-07-02T08:09:27+03:00,75404,9,win,0.20000000000000007,11.0,0.6500000000000004,1,1,0
320,last 5 digits have bin pattern 22001 for bins 0-2/3-5/6-9,76,75621,1782969185,2026-07-02T05:13:05+00:00,2026-07-02T08:13:05+03:00,75622,6,win,0.20000000000000007,11.2,0.45000000000000107,1,2,0
321,last 5 digits have bin pattern 22001 for bins 0-2/3-5/6-9,76,75668,1782969232,2026-07-02T05:13:52+00:00,2026-07-02T08:13:52+03:00,75669,3,loss,-0.35,10.85,0.8000000000000007,3,0,1
322,last 5 digits have bin pattern 22001 for bins 0-2/3-5/6-9,77,76190,1782969754,2026-07-02T05:22:34+00:00,2026-07-02T08:22:34+03:00,76191,0,loss,-0.35,10.5,1.1500000000000004,3,0,2
323,last 5 digits have bin pattern 22001 for bins 0-2/3-5/6-9,78,77155,1782970719,2026-07-02T05:38:39+00:00,2026-07-02T08:38:39+03:00,77156,3,loss,-0.35,10.15,1.5,15,0,3
324,last 5 digits have bin pattern 22001 for bins 0-2/3-5/6-9,78,77232,1782970796,2026-07-02T05:39:56+00:00,2026-07-02T08:39:56+03:00,77233,9,win,0.20000000000000007,10.35,1.3000000000000007,1,1,0
325,last 5 digits have bin pattern 22001 for bins 0-2/3-5/6-9,78,77276,1782970840,2026-07-02T05:40:40+00:00,2026-07-02T08:40:40+03:00,77277,3,loss,-0.35,10.0,1.6500000000000004,3,0,1
326,last 5 digits have bin pattern 22001 for bins 0-2/3-5/6-9,78,77358,1782970922,2026-07-02T05:42:02+00:00,2026-07-02T08:42:02+03:00,77359,4,win,0.20000000000000007,10.2,1.450000000000001,1,1,0
327,last 5 digits have bin pattern 22001 for bins 0-2/3-5/6-9,79,78246,1782971810,2026-07-02T05:56:50+00:00,2026-07-02T08:56:50+03:00,78247,5,win,0.20000000000000007,10.399999999999999,1.2500000000000018,1,2,0
328,last 5 digits have bin pattern 22001 for bins 0-2/3-5/6-9,79,78260,1782971824,2026-07-02T05:57:04+00:00,2026-07-02T08:57:04+03:00,78261,3,loss,-0.35,10.049999999999999,1.6000000000000014,3,0,1
329,last 5 digits have bin pattern 22001 for bins 0-2/3-5/6-9,79,78840,1782972404,2026-07-02T06:06:44+00:00,2026-07-02T09:06:44+03:00,78841,1,loss,-0.35,9.7,1.950000000000001,3,0,2
330,last 5 digits have bin pattern 22001 for bins 0-2/3-5/6-9,79,78851,1782972415,2026-07-02T06:06:55+00:00,2026-07-02T09:06:55+03:00,78852,8,win,0.20000000000000007,9.899999999999999,1.7500000000000018,1,1,0
331,last 5 digits have bin pattern 22001 for bins 0-2/3-5/6-9,80,79037,1782972601,2026-07-02T06:10:01+00:00,2026-07-02T09:10:01+03:00,79038,6,win,0.20000000000000007,10.099999999999998,1.5500000000000025,1,2,0
332,last 5 digits have bin pattern 22001 for bins 0-2/3-5/6-9,80,79140,1782972704,2026-07-02T06:11:44+00:00,2026-07-02T09:11:44+03:00,79141,7,win,0.20000000000000007,10.299999999999997,1.3500000000000032,1,3,0
333,last 5 digits have bin pattern 22001 for bins 0-2/3-5/6-9,80,79277,1782972841,2026-07-02T06:14:01+00:00,2026-07-02T09:14:01+03:00,79278,8,win,0.20000000000000007,10.499999999999996,1.150000000000004,1,4,0
334,last 5 digits have bin pattern 22001 for bins 0-2/3-5/6-9,80,79569,1782973133,2026-07-02T06:18:53+00:00,2026-07-02T09:18:53+03:00,79570,8,win,0.20000000000000007,10.699999999999996,0.9500000000000046,1,5,0
335,last 5 digits have bin pattern 22001 for bins 0-2/3-5/6-9,81,80279,1782973843,2026-07-02T06:30:43+00:00,2026-07-02T09:30:43+03:00,80280,3,loss,-0.35,10.349999999999996,1.3000000000000043,3,0,1
336,last 5 digits have bin pattern 22001 for bins 0-2/3-5/6-9,81,80339,1782973903,2026-07-02T06:31:43+00:00,2026-07-02T09:31:43+03:00,80340,6,win,0.20000000000000007,10.549999999999995,1.100000000000005,1,1,0
337,last 5 digits have bin pattern 22001 for bins 0-2/3-5/6-9,81,80349,1782973913,2026-07-02T06:31:53+00:00,2026-07-02T09:31:53+03:00,80350,0,loss,-0.35,10.199999999999996,1.4500000000000046,3,0,1
338,last 5 digits have bin pattern 22001 for bins 0-2/3-5/6-9,81,80533,1782974097,2026-07-02T06:34:57+00:00,2026-07-02T09:34:57+03:00,80534,4,win,0.20000000000000007,10.399999999999995,1.2500000000000053,1,1,0
339,last 5 digits have bin pattern 22001 for bins 0-2/3-5/6-9,81,80714,1782974278,2026-07-02T06:37:58+00:00,2026-07-02T09:37:58+03:00,80715,7,win,0.20000000000000007,10.599999999999994,1.050000000000006,1,2,0
340,last 5 digits have bin pattern 22001 for bins 0-2/3-5/6-9,82,81340,1782974904,2026-07-02T06:48:24+00:00,2026-07-02T09:48:24+03:00,81341,3,loss,-0.35,10.249999999999995,1.4000000000000057,3,0,1
341,last 5 digits have bin pattern 22001 for bins 0-2/3-5/6-9,82,81415,1782974979,2026-07-02T06:49:39+00:00,2026-07-02T09:49:39+03:00,81416,1,loss,-0.35,9.899999999999995,1.7500000000000053,3,0,2
342,last 5 digits have bin pattern 22001 for bins 0-2/3-5/6-9,83,82321,1782975885,2026-07-02T07:04:45+00:00,2026-07-02T10:04:45+03:00,82322,7,win,0.20000000000000007,10.099999999999994,1.550000000000006,1,1,0
343,last 5 digits have bin pattern 22001 for bins 0-2/3-5/6-9,83,82541,1782976105,2026-07-02T07:08:25+00:00,2026-07-02T10:08:25+03:00,82542,7,win,0.20000000000000007,10.299999999999994,1.3500000000000068,1,2,0
344,last 5 digits have bin pattern 22001 for bins 0-2/3-5/6-9,83,82594,1782976158,2026-07-02T07:09:18+00:00,2026-07-02T10:09:18+03:00,82595,9,win,0.20000000000000007,10.499999999999993,1.1500000000000075,1,3,0
345,last 5 digits have bin pattern 22001 for bins 0-2/3-5/6-9,83,82631,1782976195,2026-07-02T07:09:55+00:00,2026-07-02T10:09:55+03:00,82632,8,win,0.20000000000000007,10.699999999999992,0.9500000000000082,1,4,0
346,last 5 digits have bin pattern 22001 for bins 0-2/3-5/6-9,83,82966,1782976530,2026-07-02T07:15:30+00:00,2026-07-02T10:15:30+03:00,82967,3,loss,-0.35,10.349999999999993,1.3000000000000078,3,0,1
347,last 5 digits have bin pattern 22001 for bins 0-2/3-5/6-9,84,83021,1782976585,2026-07-02T07:16:25+00:00,2026-07-02T10:16:25+03:00,83022,8,win,0.20000000000000007,10.549999999999992,1.1000000000000085,1,1,0
348,last 5 digits have bin pattern 22001 for bins 0-2/3-5/6-9,84,83356,1782976920,2026-07-02T07:22:00+00:00,2026-07-02T10:22:00+03:00,83357,8,win,0.20000000000000007,10.749999999999991,0.9000000000000092,1,2,0
349,last 5 digits have bin pattern 22001 for bins 0-2/3-5/6-9,84,83432,1782976996,2026-07-02T07:23:16+00:00,2026-07-02T10:23:16+03:00,83433,0,loss,-0.35,10.399999999999991,1.2500000000000089,3,0,1
350,last 5 digits have bin pattern 22001 for bins 0-2/3-5/6-9,84,83730,1782977294,2026-07-02T07:28:14+00:00,2026-07-02T10:28:14+03:00,83731,8,win,0.20000000000000007,10.59999999999999,1.0500000000000096,1,1,0
351,last 5 digits have bin pattern 22001 for bins 0-2/3-5/6-9,85,84173,1782977737,2026-07-02T07:35:37+00:00,2026-07-02T10:35:37+03:00,84174,9,win,0.20000000000000007,10.79999999999999,0.8500000000000103,1,2,0
352,last 5 digits have bin pattern 22001 for bins 0-2/3-5/6-9,85,84224,1782977788,2026-07-02T07:36:28+00:00,2026-07-02T10:36:28+03:00,84225,6,win,0.20000000000000007,10.99999999999999,0.650000000000011,1,3,0
353,last 5 digits have bin pattern 22001 for bins 0-2/3-5/6-9,85,84417,1782977981,2026-07-02T07:39:41+00:00,2026-07-02T10:39:41+03:00,84418,6,win,0.20000000000000007,11.199999999999989,0.4500000000000117,1,4,0
354,last 5 digits have bin pattern 22001 for bins 0-2/3-5/6-9,86,85301,1782978865,2026-07-02T07:54:25+00:00,2026-07-02T10:54:25+03:00,85302,0,loss,-0.35,10.849999999999989,0.8000000000000114,3,0,1
355,last 5 digits have bin pattern 22001 for bins 0-2/3-5/6-9,87,86130,1782979694,2026-07-02T08:08:14+00:00,2026-07-02T11:08:14+03:00,86131,8,win,0.20000000000000007,11.049999999999988,0.6000000000000121,1,1,0
356,last 5 digits have bin pattern 22001 for bins 0-2/3-5/6-9,87,86162,1782979726,2026-07-02T08:08:46+00:00,2026-07-02T11:08:46+03:00,86163,6,win,0.20000000000000007,11.249999999999988,0.4000000000000128,1,2,0
357,last 5 digits have bin pattern 22001 for bins 0-2/3-5/6-9,87,86203,1782979767,2026-07-02T08:09:27+00:00,2026-07-02T11:09:27+03:00,86204,5,win,0.20000000000000007,11.449999999999987,0.2000000000000135,1,3,0
358,last 5 digits have bin pattern 22001 for bins 0-2/3-5/6-9,87,86648,1782980212,2026-07-02T08:16:52+00:00,2026-07-02T11:16:52+03:00,86649,1,loss,-0.35,11.099999999999987,0.5500000000000131,3,0,1
359,last 5 digits have bin pattern 22001 for bins 0-2/3-5/6-9,87,86801,1782980365,2026-07-02T08:19:25+00:00,2026-07-02T11:19:25+03:00,86802,5,win,0.20000000000000007,11.299999999999986,0.35000000000001386,1,1,0
360,last 5 digits have bin pattern 22001 for bins 0-2/3-5/6-9,87,86819,1782980383,2026-07-02T08:19:43+00:00,2026-07-02T11:19:43+03:00,86820,0,loss,-0.35,10.949999999999987,0.7000000000000135,3,0,1
361,last 5 digits have bin pattern 22001 for bins 0-2/3-5/6-9,88,87030,1782980594,2026-07-02T08:23:14+00:00,2026-07-02T11:23:14+03:00,87031,6,win,0.20000000000000007,11.149999999999986,0.5000000000000142,1,1,0
362,last 5 digits have bin pattern 22001 for bins 0-2/3-5/6-9,88,87191,1782980755,2026-07-02T08:25:55+00:00,2026-07-02T11:25:55+03:00,87192,4,win,0.20000000000000007,11.349999999999985,0.3000000000000149,1,2,0
363,last 5 digits have bin pattern 22001 for bins 0-2/3-5/6-9,88,87345,1782980909,2026-07-02T08:28:29+00:00,2026-07-02T11:28:29+03:00,87346,3,loss,-0.35,10.999999999999986,0.6500000000000146,3,0,1
364,last 5 digits have bin pattern 22001 for bins 0-2/3-5/6-9,88,87433,1782980997,2026-07-02T08:29:57+00:00,2026-07-02T11:29:57+03:00,87434,2,loss,-0.35,10.649999999999986,1.0000000000000142,3,0,2
365,last 5 digits have bin pattern 22001 for bins 0-2/3-5/6-9,89,88101,1782981665,2026-07-02T08:41:05+00:00,2026-07-02T11:41:05+03:00,88102,1,loss,-0.35,10.299999999999986,1.3500000000000139,15,0,3
366,last 5 digits have bin pattern 22001 for bins 0-2/3-5/6-9,89,88796,1782982360,2026-07-02T08:52:40+00:00,2026-07-02T11:52:40+03:00,88797,2,loss,-0.35,9.949999999999987,1.7000000000000135,15,0,4
367,last 5 digits have bin pattern 22001 for bins 0-2/3-5/6-9,89,88866,1782982430,2026-07-02T08:53:50+00:00,2026-07-02T11:53:50+03:00,88867,4,win,0.20000000000000007,10.149999999999986,1.5000000000000142,1,1,0
368,last 5 digits have bin pattern 22001 for bins 0-2/3-5/6-9,90,89022,1782982586,2026-07-02T08:56:26+00:00,2026-07-02T11:56:26+03:00,89023,6,win,0.20000000000000007,10.349999999999985,1.300000000000015,1,2,0
369,last 5 digits have bin pattern 22001 for bins 0-2/3-5/6-9,90,89030,1782982594,2026-07-02T08:56:34+00:00,2026-07-02T11:56:34+03:00,89031,7,win,0.20000000000000007,10.549999999999985,1.1000000000000156,1,3,0
370,last 5 digits have bin pattern 22001 for bins 0-2/3-5/6-9,90,89157,1782982721,2026-07-02T08:58:41+00:00,2026-07-02T11:58:41+03:00,89158,0,loss,-0.35,10.199999999999985,1.4500000000000153,3,0,1
371,last 5 digits have bin pattern 22001 for bins 0-2/3-5/6-9,90,89191,1782982755,2026-07-02T08:59:15+00:00,2026-07-02T11:59:15+03:00,89192,5,win,0.20000000000000007,10.399999999999984,1.250000000000016,1,1,0
372,last 5 digits have bin pattern 22001 for bins 0-2/3-5/6-9,90,89469,1782983033,2026-07-02T09:03:53+00:00,2026-07-02T12:03:53+03:00,89470,8,win,0.20000000000000007,10.599999999999984,1.0500000000000167,1,2,0
373,last 5 digits have bin pattern 22001 for bins 0-2/3-5/6-9,90,89553,1782983117,2026-07-02T09:05:17+00:00,2026-07-02T12:05:17+03:00,89554,4,win,0.20000000000000007,10.799999999999983,0.8500000000000174,1,3,0
374,last 5 digits have bin pattern 22001 for bins 0-2/3-5/6-9,90,89704,1782983268,2026-07-02T09:07:48+00:00,2026-07-02T12:07:48+03:00,89705,2,loss,-0.35,10.449999999999983,1.200000000000017,3,0,1
375,last 5 digits have bin pattern 22001 for bins 0-2/3-5/6-9,91,90277,1782983841,2026-07-02T09:17:21+00:00,2026-07-02T12:17:21+03:00,90278,4,win,0.20000000000000007,10.649999999999983,1.0000000000000178,1,1,0
376,last 5 digits have bin pattern 22001 for bins 0-2/3-5/6-9,91,90327,1782983891,2026-07-02T09:18:11+00:00,2026-07-02T12:18:11+03:00,90328,3,loss,-0.35,10.299999999999983,1.3500000000000174,3,0,1
377,last 5 digits have bin pattern 22001 for bins 0-2/3-5/6-9,91,90499,1782984063,2026-07-02T09:21:03+00:00,2026-07-02T12:21:03+03:00,90500,1,loss,-0.35,9.949999999999983,1.700000000000017,3,0,2
378,last 5 digits have bin pattern 22001 for bins 0-2/3-5/6-9,92,91134,1782984698,2026-07-02T09:31:38+00:00,2026-07-02T12:31:38+03:00,91135,5,win,0.20000000000000007,10.149999999999983,1.5000000000000178,1,1,0
379,last 5 digits have bin pattern 22001 for bins 0-2/3-5/6-9,92,91228,1782984792,2026-07-02T09:33:12+00:00,2026-07-02T12:33:12+03:00,91229,9,win,0.20000000000000007,10.349999999999982,1.3000000000000185,1,2,0
380,last 5 digits have bin pattern 22001 for bins 0-2/3-5/6-9,92,91659,1782985223,2026-07-02T09:40:23+00:00,2026-07-02T12:40:23+03:00,91660,6,win,0.20000000000000007,10.549999999999981,1.1000000000000192,1,3,0
381,last 5 digits have bin pattern 22001 for bins 0-2/3-5/6-9,92,91815,1782985379,2026-07-02T09:42:59+00:00,2026-07-02T12:42:59+03:00,91816,4,win,0.20000000000000007,10.74999999999998,0.9000000000000199,1,4,0
382,last 5 digits have bin pattern 22001 for bins 0-2/3-5/6-9,92,91885,1782985449,2026-07-02T09:44:09+00:00,2026-07-02T12:44:09+03:00,91886,1,loss,-0.35,10.39999999999998,1.2500000000000195,3,0,1
383,last 5 digits have bin pattern 22001 for bins 0-2/3-5/6-9,92,91897,1782985461,2026-07-02T09:44:21+00:00,2026-07-02T12:44:21+03:00,91898,9,win,0.20000000000000007,10.59999999999998,1.0500000000000203,1,1,0
384,last 5 digits have bin pattern 22001 for bins 0-2/3-5/6-9,92,91916,1782985480,2026-07-02T09:44:40+00:00,2026-07-02T12:44:40+03:00,91917,7,win,0.20000000000000007,10.79999999999998,0.850000000000021,1,2,0
385,last 5 digits have bin pattern 22001 for bins 0-2/3-5/6-9,92,91994,1782985558,2026-07-02T09:45:58+00:00,2026-07-02T12:45:58+03:00,91995,4,win,0.20000000000000007,10.999999999999979,0.6500000000000217,1,3,0
386,last 5 digits have bin pattern 22001 for bins 0-2/3-5/6-9,93,92407,1782985971,2026-07-02T09:52:51+00:00,2026-07-02T12:52:51+03:00,92408,1,loss,-0.35,10.649999999999979,1.0000000000000213,3,0,1
387,last 5 digits have bin pattern 22001 for bins 0-2/3-5/6-9,93,92416,1782985980,2026-07-02T09:53:00+00:00,2026-07-02T12:53:00+03:00,92417,9,win,0.20000000000000007,10.849999999999978,0.800000000000022,1,1,0
388,last 5 digits have bin pattern 22001 for bins 0-2/3-5/6-9,93,92804,1782986368,2026-07-02T09:59:28+00:00,2026-07-02T12:59:28+03:00,92805,6,win,0.20000000000000007,11.049999999999978,0.6000000000000227,1,2,0
389,last 5 digits have bin pattern 22001 for bins 0-2/3-5/6-9,93,92899,1782986463,2026-07-02T10:01:03+00:00,2026-07-02T13:01:03+03:00,92900,9,win,0.20000000000000007,11.249999999999977,0.40000000000002345,1,3,0
390,last 5 digits have bin pattern 22001 for bins 0-2/3-5/6-9,94,93109,1782986673,2026-07-02T10:04:33+00:00,2026-07-02T13:04:33+03:00,93110,7,win,0.20000000000000007,11.449999999999976,0.20000000000002416,1,4,0
391,last 5 digits have bin pattern 22001 for bins 0-2/3-5/6-9,94,93164,1782986728,2026-07-02T10:05:28+00:00,2026-07-02T13:05:28+03:00,93165,1,loss,-0.35,11.099999999999977,0.5500000000000238,3,0,1
392,last 5 digits have bin pattern 22001 for bins 0-2/3-5/6-9,94,93330,1782986894,2026-07-02T10:08:14+00:00,2026-07-02T13:08:14+03:00,93331,1,loss,-0.35,10.749999999999977,0.9000000000000234,3,0,2
393,last 5 digits have bin pattern 22001 for bins 0-2/3-5/6-9,94,93836,1782987400,2026-07-02T10:16:40+00:00,2026-07-02T13:16:40+03:00,93837,8,win,0.20000000000000007,10.949999999999976,0.7000000000000242,1,1,0
394,last 5 digits have bin pattern 22001 for bins 0-2/3-5/6-9,95,94441,1782988005,2026-07-02T10:26:45+00:00,2026-07-02T13:26:45+03:00,94442,3,loss,-0.35,10.599999999999977,1.0500000000000238,3,0,1
395,last 5 digits have bin pattern 22001 for bins 0-2/3-5/6-9,95,94497,1782988061,2026-07-02T10:27:41+00:00,2026-07-02T13:27:41+03:00,94498,4,win,0.20000000000000007,10.799999999999976,0.8500000000000245,1,1,0
396,last 5 digits have bin pattern 22001 for bins 0-2/3-5/6-9,95,94590,1782988154,2026-07-02T10:29:14+00:00,2026-07-02T13:29:14+03:00,94591,5,win,0.20000000000000007,10.999999999999975,0.6500000000000252,1,2,0
397,last 5 digits have bin pattern 22001 for bins 0-2/3-5/6-9,95,94640,1782988204,2026-07-02T10:30:04+00:00,2026-07-02T13:30:04+03:00,94641,4,win,0.20000000000000007,11.199999999999974,0.45000000000002593,1,3,0
398,last 5 digits have bin pattern 22001 for bins 0-2/3-5/6-9,96,95082,1782988646,2026-07-02T10:37:26+00:00,2026-07-02T13:37:26+03:00,95083,3,loss,-0.35,10.849999999999975,0.8000000000000256,3,0,1
399,last 5 digits have bin pattern 22001 for bins 0-2/3-5/6-9,96,95276,1782988840,2026-07-02T10:40:40+00:00,2026-07-02T13:40:40+03:00,95277,9,win,0.20000000000000007,11.049999999999974,0.6000000000000263,1,1,0
400,last 5 digits have bin pattern 22001 for bins 0-2/3-5/6-9,97,96205,1782989769,2026-07-02T10:56:09+00:00,2026-07-02T13:56:09+03:00,96206,2,loss,-0.35,10.699999999999974,0.9500000000000259,3,0,1
401,last 5 digits have bin pattern 22001 for bins 0-2/3-5/6-9,97,96573,1782990137,2026-07-02T11:02:17+00:00,2026-07-02T14:02:17+03:00,96574,3,loss,-0.35,10.349999999999975,1.3000000000000256,3,0,2
402,last 5 digits have bin pattern 22001 for bins 0-2/3-5/6-9,98,97124,1782990688,2026-07-02T11:11:28+00:00,2026-07-02T14:11:28+03:00,97125,2,loss,-0.35,9.999999999999975,1.6500000000000252,15,0,3
403,last 5 digits have bin pattern 22001 for bins 0-2/3-5/6-9,98,97147,1782990711,2026-07-02T11:11:51+00:00,2026-07-02T14:11:51+03:00,97148,9,win,0.20000000000000007,10.199999999999974,1.450000000000026,1,1,0
404,last 5 digits have bin pattern 22001 for bins 0-2/3-5/6-9,98,97152,1782990716,2026-07-02T11:11:56+00:00,2026-07-02T14:11:56+03:00,97153,8,win,0.20000000000000007,10.399999999999974,1.2500000000000266,1,2,0
405,last 5 digits have bin pattern 22001 for bins 0-2/3-5/6-9,98,97374,1782990938,2026-07-02T11:15:38+00:00,2026-07-02T14:15:38+03:00,97375,9,win,0.20000000000000007,10.599999999999973,1.0500000000000274,1,3,0
406,last 5 digits have bin pattern 22001 for bins 0-2/3-5/6-9,98,97509,1782991073,2026-07-02T11:17:53+00:00,2026-07-02T14:17:53+03:00,97510,4,win,0.20000000000000007,10.799999999999972,0.8500000000000281,1,4,0
407,last 5 digits have bin pattern 22001 for bins 0-2/3-5/6-9,98,97708,1782991272,2026-07-02T11:21:12+00:00,2026-07-02T14:21:12+03:00,97709,3,loss,-0.35,10.449999999999973,1.2000000000000277,3,0,1
408,last 5 digits have bin pattern 22001 for bins 0-2/3-5/6-9,98,97876,1782991440,2026-07-02T11:24:00+00:00,2026-07-02T14:24:00+03:00,97877,9,win,0.20000000000000007,10.649999999999972,1.0000000000000284,1,1,0
409,last 5 digits have bin pattern 22001 for bins 0-2/3-5/6-9,98,97936,1782991500,2026-07-02T11:25:00+00:00,2026-07-02T14:25:00+03:00,97937,0,loss,-0.35,10.299999999999972,1.350000000000028,3,0,1
410,last 5 digits have bin pattern 22001 for bins 0-2/3-5/6-9,98,97974,1782991538,2026-07-02T11:25:38+00:00,2026-07-02T14:25:38+03:00,97975,0,loss,-0.35,9.949999999999973,1.7000000000000277,3,0,2
411,last 5 digits have bin pattern 22001 for bins 0-2/3-5/6-9,99,98392,1782991956,2026-07-02T11:32:36+00:00,2026-07-02T14:32:36+03:00,98393,8,win,0.20000000000000007,10.149999999999972,1.5000000000000284,1,1,0
412,last 5 digits have bin pattern 22001 for bins 0-2/3-5/6-9,99,98498,1782992062,2026-07-02T11:34:22+00:00,2026-07-02T14:34:22+03:00,98499,4,win,0.20000000000000007,10.349999999999971,1.3000000000000291,1,2,0
413,last 5 digits have bin pattern 22001 for bins 0-2/3-5/6-9,99,98538,1782992102,2026-07-02T11:35:02+00:00,2026-07-02T14:35:02+03:00,98539,4,win,0.20000000000000007,10.54999999999997,1.1000000000000298,1,3,0
414,last 5 digits have bin pattern 22001 for bins 0-2/3-5/6-9,99,98577,1782992141,2026-07-02T11:35:41+00:00,2026-07-02T14:35:41+03:00,98578,6,win,0.20000000000000007,10.74999999999997,0.9000000000000306,1,4,0
415,last 5 digits have bin pattern 22001 for bins 0-2/3-5/6-9,100,99364,1782992928,2026-07-02T11:48:48+00:00,2026-07-02T14:48:48+03:00,99365,6,win,0.20000000000000007,10.949999999999969,0.7000000000000313,1,5,0
416,last 5 digits have bin pattern 22001 for bins 0-2/3-5/6-9,100,99440,1782993004,2026-07-02T11:50:04+00:00,2026-07-02T14:50:04+03:00,99441,5,win,0.20000000000000007,11.149999999999968,0.500000000000032,1,6,0
417,last 5 digits have bin pattern 22001 for bins 0-2/3-5/6-9,100,99584,1782993148,2026-07-02T11:52:28+00:00,2026-07-02T14:52:28+03:00,99585,8,win,0.20000000000000007,11.349999999999968,0.3000000000000327,1,7,0
418,last 5 digits have bin pattern 22001 for bins 0-2/3-5/6-9,100,99714,1782993278,2026-07-02T11:54:38+00:00,2026-07-02T14:54:38+03:00,99715,3,loss,-0.35,10.999999999999968,0.6500000000000323,3,0,1
419,last 5 digits have bin pattern 22001 for bins 0-2/3-5/6-9,100,99867,1782993431,2026-07-02T11:57:11+00:00,2026-07-02T14:57:11+03:00,99868,1,loss,-0.35,10.649999999999968,1.000000000000032,3,0,2
